ghcn_din;date;prcp;snow;tmax;tmin;elevation;name;coord;country_code
ITM00016064;2015-01-20;0.0;;8.2;1.6;178.6;CAMERI;45.53, 8.669;IT
ITM00016064;2015-03-17;99.0;;10.2;6.0;178.6;CAMERI;45.53, 8.669;IT
ITM00016064;2015-03-26;33.0;;;7.8;178.6;CAMERI;45.53, 8.669;IT
ITM00016064;2015-04-07;0.0;;15.4;4.2;178.6;CAMERI;45.53, 8.669;IT
ITM00016064;2015-08-27;;;28.4;;178.6;CAMERI;45.53, 8.669;IT
ITM00016064;2015-09-15;0.0;;23.8;18.4;178.6;CAMERI;45.53, 8.669;IT
ITM00016064;2015-09-16;41.0;;18.2;17.0;178.6;CAMERI;45.53, 8.669;IT
ITM00016064;2015-09-23;79.0;;17.0;;178.6;CAMERI;45.53, 8.669;IT
ITM00016064;2015-11-03;0.0;;13.0;3.8;178.6;CAMERI;45.53, 8.669;IT
ITM00016064;2015-11-05;0.0;;17.2;4.2;178.6;CAMERI;45.53, 8.669;IT
ITM00016064;2015-12-29;;;8.2;-5.0;178.6;CAMERI;45.53, 8.669;IT
ITM00016064;2015-01-02;0.0;;7.6;-5.2;178.6;CAMERI;45.53, 8.669;IT
ITM00016064;2015-01-05;0.0;;11.2;;178.6;CAMERI;45.53, 8.669;IT
ITM00016064;2015-02-06;119.0;;;0.0;178.6;CAMERI;45.53, 8.669;IT
ITM00016064;2015-02-18;0.0;;10.4;2.4;178.6;CAMERI;45.53, 8.669;IT
ITM00016064;2015-02-19;;;;-2.2;178.6;CAMERI;45.53, 8.669;IT
ITM00016064;2015-03-03;0.0;;;0.0;178.6;CAMERI;45.53, 8.669;IT
ITM00016064;2015-06-23;0.0;;26.6;17.8;178.6;CAMERI;45.53, 8.669;IT
ITM00016064;2015-08-04;0.0;;30.8;19.8;178.6;CAMERI;45.53, 8.669;IT
ITM00016064;2015-02-05;152.0;;3.0;;178.6;CAMERI;45.53, 8.669;IT
ITM00016064;2015-08-14;3.0;;25.8;;178.6;CAMERI;45.53, 8.669;IT
ITM00016064;2015-02-09;0.0;;7.2;-2.4;178.6;CAMERI;45.53, 8.669;IT
ITM00016064;2015-09-02;20.0;;27.0;18.0;178.6;CAMERI;45.53, 8.669;IT
ITM00016064;2015-02-20;0.0;;9.4;-1.8;178.6;CAMERI;45.53, 8.669;IT
ITM00016064;2015-10-23;0.0;;17.0;4.4;178.6;CAMERI;45.53, 8.669;IT
ITM00016064;2015-04-03;0.0;;;4.2;178.6;CAMERI;45.53, 8.669;IT
ITM00016064;2015-11-17;0.0;;;7.0;178.6;CAMERI;45.53, 8.669;IT
ITM00016064;2015-05-08;20.0;;23.6;13.6;178.6;CAMERI;45.53, 8.669;IT
ITM00016064;2015-11-24;0.0;;8.4;-0.2;178.6;CAMERI;45.53, 8.669;IT
ITM00016064;2015-05-13;0.0;;;15.0;178.6;CAMERI;45.53, 8.669;IT
ITM00016064;2015-11-25;;;6.4;;178.6;CAMERI;45.53, 8.669;IT
ITM00016064;2015-05-14;0.0;;26.4;11.8;178.6;CAMERI;45.53, 8.669;IT
ITM00016064;2015-05-28;0.0;;23.2;11.4;178.6;CAMERI;45.53, 8.669;IT
ITM00016064;2015-06-10;89.0;;26.4;17.8;178.6;CAMERI;45.53, 8.669;IT
ITM00016064;2015-06-18;0.0;;26.2;15.0;178.6;CAMERI;45.53, 8.669;IT
ITM00016064;2015-07-08;0.0;;32.0;21.4;178.6;CAMERI;45.53, 8.669;IT
ITM00016064;2015-07-17;0.0;;34.4;;178.6;CAMERI;45.53, 8.669;IT
ITM00016064;2015-09-18;;;25.4;;178.6;CAMERI;45.53, 8.669;IT
ITM00016064;2015-10-21;0.0;;;;178.6;CAMERI;45.53, 8.669;IT
ITM00016064;2015-10-26;0.0;;18.0;4.4;178.6;CAMERI;45.53, 8.669;IT
ITM00016064;2015-11-30;;;14.4;;178.6;CAMERI;45.53, 8.669;IT
ITM00016064;2015-12-10;;;5.6;;178.6;CAMERI;45.53, 8.669;IT
ITM00016064;2015-01-12;0.0;;14.2;;178.6;CAMERI;45.53, 8.669;IT
ITM00016064;2015-01-13;0.0;;6.4;0.0;178.6;CAMERI;45.53, 8.669;IT
ITM00016064;2015-01-23;0.0;;12.2;;178.6;CAMERI;45.53, 8.669;IT
ITM00016064;2015-02-17;0.0;;;;178.6;CAMERI;45.53, 8.669;IT
ITM00016064;2015-03-11;0.0;;18.2;2.4;178.6;CAMERI;45.53, 8.669;IT
ITM00016064;2015-03-16;170.0;;;4.8;178.6;CAMERI;45.53, 8.669;IT
ITM00016064;2015-05-01;;;;10.2;178.6;CAMERI;45.53, 8.669;IT
ITM00016064;2015-05-15;820.0;;18.2;;178.6;CAMERI;45.53, 8.669;IT
ITM00016064;2015-05-18;0.0;;;14.6;178.6;CAMERI;45.53, 8.669;IT
ITM00016064;2015-06-09;0.0;;25.0;17.6;178.6;CAMERI;45.53, 8.669;IT
ITM00016064;2015-08-07;0.0;;35.4;;178.6;CAMERI;45.53, 8.669;IT
ITM00016064;2015-09-24;0.0;;22.2;;178.6;CAMERI;45.53, 8.669;IT
ITM00016064;2015-10-05;0.0;;21.0;;178.6;CAMERI;45.53, 8.669;IT
ITM00016064;2015-10-19;0.0;;;4.8;178.6;CAMERI;45.53, 8.669;IT
ITM00016064;2015-11-10;0.0;;20.0;4.8;178.6;CAMERI;45.53, 8.669;IT
ITM00016064;2015-12-16;;;10.4;-0.2;178.6;CAMERI;45.53, 8.669;IT
ITM00016064;2015-12-23;;;11.4;3.8;178.6;CAMERI;45.53, 8.669;IT
ITM00016064;2015-01-30;10.0;;;;178.6;CAMERI;45.53, 8.669;IT
ITM00016064;2015-02-04;0.0;;;;178.6;CAMERI;45.53, 8.669;IT
ITM00016064;2015-05-22;0.0;;21.6;9.2;178.6;CAMERI;45.53, 8.669;IT
ITM00016064;2015-06-12;0.0;;24.6;18.2;178.6;CAMERI;45.53, 8.669;IT
ITM00016064;2015-06-26;0.0;;28.0;14.8;178.6;CAMERI;45.53, 8.669;IT
ITM00016064;2015-08-13;0.0;;33.4;22.0;178.6;CAMERI;45.53, 8.669;IT
ITM00016064;2015-10-22;0.0;;15.2;3.6;178.6;CAMERI;45.53, 8.669;IT
ITM00016064;2015-11-04;0.0;;;6.6;178.6;CAMERI;45.53, 8.669;IT
ITM00016064;2015-11-18;0.0;;10.0;;178.6;CAMERI;45.53, 8.669;IT
ITM00016064;2015-12-15;;;10.0;-2.0;178.6;CAMERI;45.53, 8.669;IT
ITM00016064;2015-01-29;0.0;;;-3.6;178.6;CAMERI;45.53, 8.669;IT
ITM00016064;2015-02-02;0.0;;10.0;-5.6;178.6;CAMERI;45.53, 8.669;IT
ITM00016064;2015-03-04;0.0;;10.4;;178.6;CAMERI;45.53, 8.669;IT
ITM00016064;2015-03-05;0.0;;12.6;5.4;178.6;CAMERI;45.53, 8.669;IT
ITM00016064;2015-03-24;5.0;;11.6;;178.6;CAMERI;45.53, 8.669;IT
ITM00016064;2015-03-30;0.0;;;5.0;178.6;CAMERI;45.53, 8.669;IT
ITM00016064;2015-05-06;0.0;;24.2;;178.6;CAMERI;45.53, 8.669;IT
ITM00016064;2015-06-22;0.0;;26.0;14.8;178.6;CAMERI;45.53, 8.669;IT
ITM00016064;2015-07-24;0.0;;33.6;21.6;178.6;CAMERI;45.53, 8.669;IT
ITM00016064;2015-07-27;;;32.4;;178.6;CAMERI;45.53, 8.669;IT
ITM00016064;2015-08-18;160.0;;;16.8;178.6;CAMERI;45.53, 8.669;IT
ITM00016064;2015-08-20;0.0;;;14.6;178.6;CAMERI;45.53, 8.669;IT
ITM00016064;2015-09-07;0.0;;;11.6;178.6;CAMERI;45.53, 8.669;IT
ITM00016064;2015-10-01;0.0;;;;178.6;CAMERI;45.53, 8.669;IT
ITM00016064;2015-10-02;86.0;;13.4;12.0;178.6;CAMERI;45.53, 8.669;IT
ITM00016064;2015-10-14;10.0;;18.0;9.8;178.6;CAMERI;45.53, 8.669;IT
ITM00016064;2015-11-26;;;12.4;-2.8;178.6;CAMERI;45.53, 8.669;IT
ITM00016064;2015-01-07;0.0;;8.2;;178.6;CAMERI;45.53, 8.669;IT
ITM00016064;2015-02-03;3.0;;2.4;-3.8;178.6;CAMERI;45.53, 8.669;IT
ITM00016064;2015-05-19;0.0;;;15.8;178.6;CAMERI;45.53, 8.669;IT
ITM00016064;2015-05-20;137.0;;;;178.6;CAMERI;45.53, 8.669;IT
ITM00016064;2015-05-21;64.0;;17.8;9.2;178.6;CAMERI;45.53, 8.669;IT
ITM00016064;2015-05-25;0.0;;23.2;12.0;178.6;CAMERI;45.53, 8.669;IT
ITM00016064;2015-07-01;0.0;;;19.2;178.6;CAMERI;45.53, 8.669;IT
ITM00016064;2015-07-02;0.0;;31.4;19.6;178.6;CAMERI;45.53, 8.669;IT
ITM00016064;2015-07-30;0.0;;29.2;18.6;178.6;CAMERI;45.53, 8.669;IT
ITM00016064;2015-08-06;0.0;;34.6;;178.6;CAMERI;45.53, 8.669;IT
ITM00016064;2015-08-17;0.0;;28.4;14.8;178.6;CAMERI;45.53, 8.669;IT
ITM00016064;2015-10-16;180.0;;15.4;8.0;178.6;CAMERI;45.53, 8.669;IT
ITM00016064;2015-11-23;0.0;;6.6;;178.6;CAMERI;45.53, 8.669;IT
ITM00016064;2015-12-24;;;;6.8;178.6;CAMERI;45.53, 8.669;IT
ITM00016064;2015-01-15;0.0;;;-2.8;178.6;CAMERI;45.53, 8.669;IT
ITM00016064;2015-01-19;0.0;;;-1.0;178.6;CAMERI;45.53, 8.669;IT
ITM00016064;2015-01-28;0.0;;8.0;-3.8;178.6;CAMERI;45.53, 8.669;IT
ITM00016064;2015-04-01;0.0;;18.0;11.4;178.6;CAMERI;45.53, 8.669;IT
ITM00016064;2015-04-02;0.0;;18.2;3.0;178.6;CAMERI;45.53, 8.669;IT
ITM00016064;2015-06-03;0.0;;29.2;16.4;178.6;CAMERI;45.53, 8.669;IT
ITM00016064;2015-07-06;0.0;;34.0;22.8;178.6;CAMERI;45.53, 8.669;IT
ITM00016064;2015-07-20;0.0;;34.4;20.0;178.6;CAMERI;45.53, 8.669;IT
ITM00016064;2015-07-31;0.0;;28.2;18.8;178.6;CAMERI;45.53, 8.669;IT
ITM00016064;2015-09-21;0.0;;24.0;12.4;178.6;CAMERI;45.53, 8.669;IT
ITM00016064;2015-10-15;371.0;;12.4;10.6;178.6;CAMERI;45.53, 8.669;IT
ITM00016064;2015-11-27;;;10.4;;178.6;CAMERI;45.53, 8.669;IT
ITM00016064;2015-12-01;;;;-1.0;178.6;CAMERI;45.53, 8.669;IT
ITM00016064;2015-12-14;;;8.4;;178.6;CAMERI;45.53, 8.669;IT
ITM00016064;2015-12-22;;;10.2;1.8;178.6;CAMERI;45.53, 8.669;IT
ITM00016064;2015-12-30;;;10.8;-0.6;178.6;CAMERI;45.53, 8.669;IT
ITM00016064;2015-03-19;0.0;;;5.6;178.6;CAMERI;45.53, 8.669;IT
ITM00016064;2015-03-27;3.0;;19.0;;178.6;CAMERI;45.53, 8.669;IT
ITM00016064;2015-06-04;0.0;;30.8;17.8;178.6;CAMERI;45.53, 8.669;IT
ITM00016064;2015-07-16;0.0;;33.2;24.0;178.6;CAMERI;45.53, 8.669;IT
ITM00016064;2015-08-25;20.0;;25.4;17.0;178.6;CAMERI;45.53, 8.669;IT
ITM00016064;2015-08-31;0.0;;31.2;18.6;178.6;CAMERI;45.53, 8.669;IT
ITM00016064;2015-10-07;3.0;;21.0;;178.6;CAMERI;45.53, 8.669;IT
ITM00016064;2015-10-08;71.0;;23.2;;178.6;CAMERI;45.53, 8.669;IT
ITM00016064;2015-10-09;0.0;;19.4;;178.6;CAMERI;45.53, 8.669;IT
ITM00016064;2015-10-27;0.0;;14.0;2.6;178.6;CAMERI;45.53, 8.669;IT
ITM00016064;2015-11-20;0.0;;11.2;;178.6;CAMERI;45.53, 8.669;IT
ITM00016064;2015-12-07;;;9.0;;178.6;CAMERI;45.53, 8.669;IT
ITM00016064;2015-12-11;;;6.4;;178.6;CAMERI;45.53, 8.669;IT
ITM00016064;2015-12-18;;;10.0;-1.2;178.6;CAMERI;45.53, 8.669;IT
ITM00016064;2015-12-21;;;8.2;2.2;178.6;CAMERI;45.53, 8.669;IT
ITM00016064;2015-02-27;0.0;;11.6;0.4;178.6;CAMERI;45.53, 8.669;IT
ITM00016064;2015-03-23;0.0;;15.4;4.0;178.6;CAMERI;45.53, 8.669;IT
ITM00016064;2015-05-04;0.0;;21.4;14.6;178.6;CAMERI;45.53, 8.669;IT
ITM00016064;2015-07-07;0.0;;34.0;23.8;178.6;CAMERI;45.53, 8.669;IT
ITM00016064;2015-07-14;0.0;;32.6;21.0;178.6;CAMERI;45.53, 8.669;IT
ITM00016064;2015-08-11;0.0;;32.0;19.0;178.6;CAMERI;45.53, 8.669;IT
ITM00016064;2015-08-12;0.0;;32.6;19.6;178.6;CAMERI;45.53, 8.669;IT
ITM00016064;2015-09-17;0.0;;25.4;17.4;178.6;CAMERI;45.53, 8.669;IT
ITM00016064;2015-10-30;0.0;;19.2;8.0;178.6;CAMERI;45.53, 8.669;IT
ITM00016064;2015-11-09;0.0;;19.2;3.6;178.6;CAMERI;45.53, 8.669;IT
ITM00016064;2015-11-16;0.0;;9.4;;178.6;CAMERI;45.53, 8.669;IT
ITM00016064;2015-12-09;;;4.0;1.6;178.6;CAMERI;45.53, 8.669;IT
ITM00016064;2015-01-21;109.0;;;-1.4;178.6;CAMERI;45.53, 8.669;IT
ITM00016064;2015-02-10;0.0;;;-3.2;178.6;CAMERI;45.53, 8.669;IT
ITM00016064;2015-02-23;0.0;;;-1.2;178.6;CAMERI;45.53, 8.669;IT
ITM00016064;2015-02-26;0.0;;;-1.4;178.6;CAMERI;45.53, 8.669;IT
ITM00016064;2015-03-25;99.0;;11.4;;178.6;CAMERI;45.53, 8.669;IT
ITM00016064;2015-05-07;0.0;;24.0;;178.6;CAMERI;45.53, 8.669;IT
ITM00016064;2015-06-19;0.0;;27.2;17.6;178.6;CAMERI;45.53, 8.669;IT
ITM00016064;2015-06-29;0.0;;29.4;18.4;178.6;CAMERI;45.53, 8.669;IT
ITM00016064;2015-07-22;0.0;;35.6;23.8;178.6;CAMERI;45.53, 8.669;IT
ITM00016064;2015-08-03;0.0;;30.6;17.6;178.6;CAMERI;45.53, 8.669;IT
ITM00016064;2015-09-10;0.0;;22.4;14.8;178.6;CAMERI;45.53, 8.669;IT
ITM00016064;2015-09-28;0.0;;;14.8;178.6;CAMERI;45.53, 8.669;IT
ITM00016064;2015-10-06;10.0;;17.4;;178.6;CAMERI;45.53, 8.669;IT
ITM00016064;2015-11-12;0.0;;18.2;;178.6;CAMERI;45.53, 8.669;IT
ITM00016064;2015-02-24;;;;0.4;178.6;CAMERI;45.53, 8.669;IT
ITM00016064;2015-03-10;0.0;;15.2;;178.6;CAMERI;45.53, 8.669;IT
ITM00016064;2015-05-26;53.0;;22.4;13.4;178.6;CAMERI;45.53, 8.669;IT
ITM00016064;2015-06-08;0.0;;29.6;;178.6;CAMERI;45.53, 8.669;IT
ITM00016064;2015-06-16;295.0;;24.0;16.8;178.6;CAMERI;45.53, 8.669;IT
ITM00016064;2015-07-28;;;30.6;19.8;178.6;CAMERI;45.53, 8.669;IT
ITM00016064;2015-09-04;0.0;;;15.0;178.6;CAMERI;45.53, 8.669;IT
ITM00016064;2015-10-28;79.0;;12.0;;178.6;CAMERI;45.53, 8.669;IT
ITM00016064;2015-11-19;0.0;;;8.0;178.6;CAMERI;45.53, 8.669;IT
ITM00016064;2015-01-08;0.0;;;;178.6;CAMERI;45.53, 8.669;IT
ITM00016064;2015-01-09;0.0;;10.2;;178.6;CAMERI;45.53, 8.669;IT
ITM00016064;2015-01-26;0.0;;8.8;;178.6;CAMERI;45.53, 8.669;IT
ITM00016064;2015-03-06;0.0;;;-3.2;178.6;CAMERI;45.53, 8.669;IT
ITM00016064;2015-03-13;0.0;;14.6;0.6;178.6;CAMERI;45.53, 8.669;IT
ITM00016064;2015-03-31;0.0;;23.2;;178.6;CAMERI;45.53, 8.669;IT
ITM00016064;2015-04-30;79.0;;18.6;;178.6;CAMERI;45.53, 8.669;IT
ITM00016064;2015-01-14;0.0;;9.6;;178.6;CAMERI;45.53, 8.669;IT
ITM00016064;2015-05-11;0.0;;27.0;11.0;178.6;CAMERI;45.53, 8.669;IT
ITM00016064;2015-01-16;71.0;;;4.2;178.6;CAMERI;45.53, 8.669;IT
ITM00016064;2015-05-27;0.0;;23.8;10.4;178.6;CAMERI;45.53, 8.669;IT
ITM00016064;2015-01-22;130.0;;6.4;1.2;178.6;CAMERI;45.53, 8.669;IT
ITM00016064;2015-06-01;0.0;;25.6;16.4;178.6;CAMERI;45.53, 8.669;IT
ITM00016064;2015-01-27;0.0;;8.2;-4.0;178.6;CAMERI;45.53, 8.669;IT
ITM00016064;2015-07-03;10.0;;;21.6;178.6;CAMERI;45.53, 8.669;IT
ITM00016064;2015-02-16;20.0;;9.6;3.4;178.6;CAMERI;45.53, 8.669;IT
ITM00016064;2015-07-15;0.0;;33.0;22.2;178.6;CAMERI;45.53, 8.669;IT
ITM00016064;2015-03-18;0.0;;14.0;3.8;178.6;CAMERI;45.53, 8.669;IT
ITM00016064;2015-08-21;0.0;;25.2;17.6;178.6;CAMERI;45.53, 8.669;IT
ITM00016064;2015-03-20;0.0;;;6.6;178.6;CAMERI;45.53, 8.669;IT
ITM00016064;2015-08-24;259.0;;;15.6;178.6;CAMERI;45.53, 8.669;IT
ITM00016064;2015-04-29;3.0;;18.4;8.6;178.6;CAMERI;45.53, 8.669;IT
ITM00016064;2015-09-11;5.0;;20.6;15.0;178.6;CAMERI;45.53, 8.669;IT
ITM00016064;2015-06-15;3.0;;26.4;16.2;178.6;CAMERI;45.53, 8.669;IT
ITM00016064;2015-09-29;5.0;;19.2;12.6;178.6;CAMERI;45.53, 8.669;IT
ITM00016064;2015-06-25;0.0;;25.2;13.4;178.6;CAMERI;45.53, 8.669;IT
ITM00016064;2015-09-30;0.0;;;9.6;178.6;CAMERI;45.53, 8.669;IT
ITM00016064;2015-07-09;;;;16.4;178.6;CAMERI;45.53, 8.669;IT
ITM00016064;2015-10-12;0.0;;20.4;12.4;178.6;CAMERI;45.53, 8.669;IT
ITM00016064;2015-07-10;0.0;;29.2;17.8;178.6;CAMERI;45.53, 8.669;IT
ITM00016064;2015-08-05;0.0;;33.4;19.8;178.6;CAMERI;45.53, 8.669;IT
ITM00016064;2015-08-26;0.0;;27.0;16.4;178.6;CAMERI;45.53, 8.669;IT
ITM00016064;2015-09-01;0.0;;27.4;19.6;178.6;CAMERI;45.53, 8.669;IT
ITM00016064;2015-09-25;0.0;;24.4;9.8;178.6;CAMERI;45.53, 8.669;IT
ITM00016064;2015-10-29;107.0;;;;178.6;CAMERI;45.53, 8.669;IT
ITM00016064;2015-11-02;0.0;;;3.8;178.6;CAMERI;45.53, 8.669;IT
ITM00016064;2015-11-11;0.0;;18.4;;178.6;CAMERI;45.53, 8.669;IT
ITM00016064;2015-12-02;;;10.2;-0.6;178.6;CAMERI;45.53, 8.669;IT
ITM00016064;2015-02-13;0.0;;7.2;-0.2;178.6;CAMERI;45.53, 8.669;IT
ITM00016064;2015-03-02;0.0;;13.0;3.6;178.6;CAMERI;45.53, 8.669;IT
ITM00016064;2015-03-12;0.0;;14.8;0.8;178.6;CAMERI;45.53, 8.669;IT
ITM00016064;2015-06-11;0.0;;29.2;16.0;178.6;CAMERI;45.53, 8.669;IT
ITM00016064;2015-06-17;5.0;;;14.2;178.6;CAMERI;45.53, 8.669;IT
ITM00016064;2015-06-24;0.0;;24.4;14.0;178.6;CAMERI;45.53, 8.669;IT
ITM00016064;2015-06-30;0.0;;29.6;18.6;178.6;CAMERI;45.53, 8.669;IT
ITM00016064;2015-07-13;0.0;;33.8;19.6;178.6;CAMERI;45.53, 8.669;IT
ITM00016064;2015-08-10;511.0;;26.4;18.8;178.6;CAMERI;45.53, 8.669;IT
ITM00016064;2015-09-09;0.0;;23.4;12.0;178.6;CAMERI;45.53, 8.669;IT
ITM00016064;2015-10-13;170.0;;;14.0;178.6;CAMERI;45.53, 8.669;IT
ITM00016064;2015-11-06;0.0;;18.2;;178.6;CAMERI;45.53, 8.669;IT
ITM00016064;2015-12-17;;;;-1.0;178.6;CAMERI;45.53, 8.669;IT
ITM00016064;2015-12-31;;;5.4;0.2;178.6;CAMERI;45.53, 8.669;IT
ITM00016064;2015-02-11;0.0;;10.4;-2.2;178.6;CAMERI;45.53, 8.669;IT
ITM00016064;2015-02-12;0.0;;8.6;-3.2;178.6;CAMERI;45.53, 8.669;IT
ITM00016064;2015-02-25;0.0;;14.6;4.4;178.6;CAMERI;45.53, 8.669;IT
ITM00016064;2015-03-09;0.0;;11.4;-1.4;178.6;CAMERI;45.53, 8.669;IT
ITM00016064;2015-05-05;0.0;;22.8;14.8;178.6;CAMERI;45.53, 8.669;IT
ITM00016064;2015-05-12;0.0;;;14.0;178.6;CAMERI;45.53, 8.669;IT
ITM00016064;2015-05-29;0.0;;23.2;11.8;178.6;CAMERI;45.53, 8.669;IT
ITM00016064;2015-06-05;0.0;;;19.2;178.6;CAMERI;45.53, 8.669;IT
ITM00016064;2015-07-23;0.0;;34.6;20.8;178.6;CAMERI;45.53, 8.669;IT
ITM00016064;2015-07-29;;;31.0;;178.6;CAMERI;45.53, 8.669;IT
ITM00016064;2015-08-19;79.0;;;15.4;178.6;CAMERI;45.53, 8.669;IT
ITM00016064;2015-08-28;0.0;;30.0;18.0;178.6;CAMERI;45.53, 8.669;IT
ITM00016064;2015-09-03;8.0;;;18.4;178.6;CAMERI;45.53, 8.669;IT
ITM00016064;2015-09-08;0.0;;23.4;14.6;178.6;CAMERI;45.53, 8.669;IT
ITM00016064;2015-09-22;0.0;;20.0;;178.6;CAMERI;45.53, 8.669;IT
ITM00016064;2015-10-20;0.0;;15.6;7.6;178.6;CAMERI;45.53, 8.669;IT
ITM00016064;2015-11-13;0.0;;16.4;4.8;178.6;CAMERI;45.53, 8.669;IT
ITM00016064;2015-12-03;;;2.6;;178.6;CAMERI;45.53, 8.669;IT
ITM00016064;2016-01-14;;;5.6;-2.4;178.6;CAMERI;45.53, 8.669;IT
ITM00016064;2016-02-09;61.0;;7.2;;178.6;CAMERI;45.53, 8.669;IT
ITM00016064;2016-02-24;0.0;;12.4;-1.4;178.6;CAMERI;45.53, 8.669;IT
ITM00016064;2016-03-02;;;13.0;1.6;178.6;CAMERI;45.53, 8.669;IT
ITM00016064;2016-03-30;3.0;;16.0;8.8;178.6;CAMERI;45.53, 8.669;IT
ITM00016064;2016-06-07;0.0;;;15.6;178.6;CAMERI;45.53, 8.669;IT
ITM00016064;2016-07-05;0.0;;28.4;18.8;178.6;CAMERI;45.53, 8.669;IT
ITM00016064;2016-08-01;;;29.4;;178.6;CAMERI;45.53, 8.669;IT
ITM00016064;2016-08-16;0.0;;29.4;18.8;178.6;CAMERI;45.53, 8.669;IT
ITM00016064;2016-09-06;0.0;;29.2;13.6;178.6;CAMERI;45.53, 8.669;IT
ITM00016064;2016-09-17;0.0;;24.0;11.0;178.6;CAMERI;45.53, 8.669;IT
ITM00016064;2016-09-20;0.0;;25.4;11.0;178.6;CAMERI;45.53, 8.669;IT
ITM00016064;2016-09-25;0.0;;25.2;;178.6;CAMERI;45.53, 8.669;IT
ITM00016064;2016-10-09;;;;8.2;178.6;CAMERI;45.53, 8.669;IT
ITM00016064;2016-10-20;0.0;;18.2;;178.6;CAMERI;45.53, 8.669;IT
ITM00016064;2016-12-06;0.0;;10.4;-2.2;178.6;CAMERI;45.53, 8.669;IT
ITM00016064;2016-12-26;0.0;;;-0.6;178.6;CAMERI;45.53, 8.669;IT
ITM00016064;2016-01-07;;;;-3.6;178.6;CAMERI;45.53, 8.669;IT
ITM00016064;2016-01-22;0.0;;5.2;;178.6;CAMERI;45.53, 8.669;IT
ITM00016064;2016-03-03;99.0;;14.4;;178.6;CAMERI;45.53, 8.669;IT
ITM00016064;2016-03-21;0.0;;17.4;3.4;178.6;CAMERI;45.53, 8.669;IT
ITM00016064;2016-04-21;0.0;;20.0;9.6;178.6;CAMERI;45.53, 8.669;IT
ITM00016064;2016-05-03;0.0;;24.4;4.8;178.6;CAMERI;45.53, 8.669;IT
ITM00016064;2016-05-11;;;14.4;;178.6;CAMERI;45.53, 8.669;IT
ITM00016064;2016-07-14;3.0;;26.4;10.2;178.6;CAMERI;45.53, 8.669;IT
ITM00016064;2016-07-27;0.0;;30.2;;178.6;CAMERI;45.53, 8.669;IT
ITM00016064;2016-08-10;20.0;;;16.4;178.6;CAMERI;45.53, 8.669;IT
ITM00016064;2016-08-23;0.0;;28.4;14.6;178.6;CAMERI;45.53, 8.669;IT
ITM00016064;2016-09-10;0.0;;30.2;18.0;178.6;CAMERI;45.53, 8.669;IT
ITM00016064;2016-09-16;89.0;;21.2;15.6;178.6;CAMERI;45.53, 8.669;IT
ITM00016064;2016-11-20;3.0;;;7.0;178.6;CAMERI;45.53, 8.669;IT
ITM00016064;2016-12-20;;;;1.6;178.6;CAMERI;45.53, 8.669;IT
ITM00016064;2016-12-25;0.0;;8.6;;178.6;CAMERI;45.53, 8.669;IT
ITM00016064;2016-02-08;20.0;;;4.0;178.6;CAMERI;45.53, 8.669;IT
ITM00016064;2016-02-25;0.0;;;5.6;178.6;CAMERI;45.53, 8.669;IT
ITM00016064;2016-03-01;8.0;;;3.0;178.6;CAMERI;45.53, 8.669;IT
ITM00016064;2016-03-04;0.0;;11.4;2.0;178.6;CAMERI;45.53, 8.669;IT
ITM00016064;2016-04-18;30.0;;21.4;10.8;178.6;CAMERI;45.53, 8.669;IT
ITM00016064;2016-04-20;0.0;;21.2;7.6;178.6;CAMERI;45.53, 8.669;IT
ITM00016064;2016-06-17;10.0;;24.2;12.8;178.6;CAMERI;45.53, 8.669;IT
ITM00016064;2016-07-19;0.0;;31.6;17.0;178.6;CAMERI;45.53, 8.669;IT
ITM00016064;2016-08-11;0.0;;24.4;12.0;178.6;CAMERI;45.53, 8.669;IT
ITM00016064;2016-09-22;10.0;;21.6;13.4;178.6;CAMERI;45.53, 8.669;IT
ITM00016064;2016-10-28;0.0;;;10.6;178.6;CAMERI;45.53, 8.669;IT
ITM00016064;2016-11-19;33.0;;8.0;;178.6;CAMERI;45.53, 8.669;IT
ITM00016064;2016-11-24;150.0;;13.2;10.0;178.6;CAMERI;45.53, 8.669;IT
ITM00016064;2016-11-28;0.0;;11.6;4.8;178.6;CAMERI;45.53, 8.669;IT
ITM00016064;2016-12-02;0.0;;12.2;-2.0;178.6;CAMERI;45.53, 8.669;IT
ITM00016064;2016-12-13;0.0;;1.4;;178.6;CAMERI;45.53, 8.669;IT
ITM00016064;2016-12-16;0.0;;;-0.4;178.6;CAMERI;45.53, 8.669;IT
ITM00016064;2016-12-22;0.0;;11.2;-1.2;178.6;CAMERI;45.53, 8.669;IT
ITM00016064;2016-01-12;;;14.2;;178.6;CAMERI;45.53, 8.669;IT
ITM00016064;2016-01-25;0.0;;12.0;;178.6;CAMERI;45.53, 8.669;IT
ITM00016064;2016-04-06;0.0;;;;178.6;CAMERI;45.53, 8.669;IT
ITM00016064;2016-04-14;71.0;;22.4;5.2;178.6;CAMERI;45.53, 8.669;IT
ITM00016064;2016-04-25;;;;-0.4;178.6;CAMERI;45.53, 8.669;IT
ITM00016064;2016-04-28;0.0;;15.4;5.0;178.6;CAMERI;45.53, 8.669;IT
ITM00016064;2016-05-24;0.0;;24.2;7.4;178.6;CAMERI;45.53, 8.669;IT
ITM00016064;2016-06-09;279.0;;24.0;13.4;178.6;CAMERI;45.53, 8.669;IT
ITM00016064;2016-07-12;30.0;;26.4;19.4;178.6;CAMERI;45.53, 8.669;IT
ITM00016064;2016-09-07;0.0;;28.4;13.0;178.6;CAMERI;45.53, 8.669;IT
ITM00016064;2016-10-13;51.0;;;6.0;178.6;CAMERI;45.53, 8.669;IT
ITM00016064;2016-10-16;0.0;;17.4;7.6;178.6;CAMERI;45.53, 8.669;IT
ITM00016064;2016-10-23;58.0;;11.2;9.6;178.6;CAMERI;45.53, 8.669;IT
ITM00016064;2016-11-04;0.0;;14.4;;178.6;CAMERI;45.53, 8.669;IT
ITM00016064;2016-11-15;0.0;;;2.4;178.6;CAMERI;45.53, 8.669;IT
ITM00016064;2016-12-10;0.0;;;-4.0;178.6;CAMERI;45.53, 8.669;IT
ITM00016064;2016-12-17;0.0;;5.2;-3.2;178.6;CAMERI;45.53, 8.669;IT
ITM00016064;2016-12-18;0.0;;-1.6;-7.0;178.6;CAMERI;45.53, 8.669;IT
ITM00016064;2016-01-19;;;;-6.2;178.6;CAMERI;45.53, 8.669;IT
ITM00016064;2016-01-26;0.0;;13.0;-2.4;178.6;CAMERI;45.53, 8.669;IT
ITM00016064;2016-01-27;0.0;;11.2;-1.4;178.6;CAMERI;45.53, 8.669;IT
ITM00016064;2016-05-12;185.0;;16.2;10.8;178.6;CAMERI;45.53, 8.669;IT
ITM00016064;2016-05-16;0.0;;20.0;8.2;178.6;CAMERI;45.53, 8.669;IT
ITM00016064;2016-05-18;10.0;;21.2;8.6;178.6;CAMERI;45.53, 8.669;IT
ITM00016064;2016-05-30;79.0;;20.6;13.0;178.6;CAMERI;45.53, 8.669;IT
ITM00016064;2016-06-06;0.0;;26.2;13.2;178.6;CAMERI;45.53, 8.669;IT
ITM00016064;2016-06-27;511.0;;30.2;14.2;178.6;CAMERI;45.53, 8.669;IT
ITM00016064;2016-07-04;0.0;;27.4;19.4;178.6;CAMERI;45.53, 8.669;IT
ITM00016064;2016-08-25;0.0;;29.2;16.6;178.6;CAMERI;45.53, 8.669;IT
ITM00016064;2016-09-03;0.0;;30.4;19.0;178.6;CAMERI;45.53, 8.669;IT
ITM00016064;2016-09-05;0.0;;31.4;16.6;178.6;CAMERI;45.53, 8.669;IT
ITM00016064;2016-09-15;150.0;;23.4;17.8;178.6;CAMERI;45.53, 8.669;IT
ITM00016064;2016-09-28;0.0;;25.0;13.0;178.6;CAMERI;45.53, 8.669;IT
ITM00016064;2016-10-18;0.0;;18.8;10.6;178.6;CAMERI;45.53, 8.669;IT
ITM00016064;2016-10-21;0.0;;17.4;6.8;178.6;CAMERI;45.53, 8.669;IT
ITM00016064;2016-11-18;;;7.2;;178.6;CAMERI;45.53, 8.669;IT
ITM00016064;2016-12-01;0.0;;;-3.4;178.6;CAMERI;45.53, 8.669;IT
ITM00016064;2016-12-30;0.0;;;;178.6;CAMERI;45.53, 8.669;IT
ITM00016064;2016-01-13;;;12.2;-1.8;178.6;CAMERI;45.53, 8.669;IT
ITM00016064;2016-01-18;;;4.4;;178.6;CAMERI;45.53, 8.669;IT
ITM00016064;2016-01-29;0.0;;14.4;;178.6;CAMERI;45.53, 8.669;IT
ITM00016064;2016-03-10;0.0;;13.6;3.0;178.6;CAMERI;45.53, 8.669;IT
ITM00016064;2016-04-01;5.0;;17.4;12.6;178.6;CAMERI;45.53, 8.669;IT
ITM00016064;2016-04-12;0.0;;20.4;6.2;178.6;CAMERI;45.53, 8.669;IT
ITM00016064;2016-04-26;0.0;;16.6;3.0;178.6;CAMERI;45.53, 8.669;IT
ITM00016064;2016-04-27;0.0;;17.4;6.6;178.6;CAMERI;45.53, 8.669;IT
ITM00016064;2016-04-29;61.0;;17.4;5.2;178.6;CAMERI;45.53, 8.669;IT
ITM00016064;2016-05-19;297.0;;17.4;11.0;178.6;CAMERI;45.53, 8.669;IT
ITM00016064;2016-07-01;0.0;;;17.4;178.6;CAMERI;45.53, 8.669;IT
ITM00016064;2016-07-25;0.0;;32.2;16.8;178.6;CAMERI;45.53, 8.669;IT
ITM00016064;2016-07-26;51.0;;31.6;19.6;178.6;CAMERI;45.53, 8.669;IT
ITM00016064;2016-07-28;71.0;;29.4;16.6;178.6;CAMERI;45.53, 8.669;IT
ITM00016064;2016-08-03;0.0;;30.2;18.6;178.6;CAMERI;45.53, 8.669;IT
ITM00016064;2016-10-31;0.0;;11.2;;178.6;CAMERI;45.53, 8.669;IT
ITM00016064;2016-11-01;0.0;;11.4;;178.6;CAMERI;45.53, 8.669;IT
ITM00016064;2016-11-08;0.0;;12.0;;178.6;CAMERI;45.53, 8.669;IT
ITM00016064;2016-11-13;0.0;;12.2;2.0;178.6;CAMERI;45.53, 8.669;IT
ITM00016064;2016-11-16;0.0;;;-1.0;178.6;CAMERI;45.53, 8.669;IT
ITM00016064;2016-01-21;0.0;;5.4;;178.6;CAMERI;45.53, 8.669;IT
ITM00016064;2016-02-23;41.0;;11.0;;178.6;CAMERI;45.53, 8.669;IT
ITM00016064;2016-03-23;0.0;;14.2;8.4;178.6;CAMERI;45.53, 8.669;IT
ITM00016064;2016-03-31;0.0;;17.4;12.0;178.6;CAMERI;45.53, 8.669;IT
ITM00016064;2016-06-16;381.0;;21.4;14.8;178.6;CAMERI;45.53, 8.669;IT
ITM00016064;2016-07-22;361.0;;25.2;;178.6;CAMERI;45.53, 8.669;IT
ITM00016064;2016-09-02;0.0;;30.4;16.8;178.6;CAMERI;45.53, 8.669;IT
ITM00016064;2016-09-24;0.0;;25.4;13.6;178.6;CAMERI;45.53, 8.669;IT
ITM00016064;2016-10-02;5.0;;23.4;15.6;178.6;CAMERI;45.53, 8.669;IT
ITM00016064;2016-10-07;0.0;;19.0;5.8;178.6;CAMERI;45.53, 8.669;IT
ITM00016064;2016-10-12;0.0;;15.2;1.0;178.6;CAMERI;45.53, 8.669;IT
ITM00016064;2016-11-09;0.0;;7.2;;178.6;CAMERI;45.53, 8.669;IT
ITM00016064;2016-11-27;0.0;;;3.8;178.6;CAMERI;45.53, 8.669;IT
ITM00016064;2016-12-14;0.0;;0.6;;178.6;CAMERI;45.53, 8.669;IT
ITM00016064;2016-01-20;0.0;;4.2;;178.6;CAMERI;45.53, 8.669;IT
ITM00016064;2016-03-11;0.0;;;2.8;178.6;CAMERI;45.53, 8.669;IT
ITM00016064;2016-03-17;0.0;;;3.0;178.6;CAMERI;45.53, 8.669;IT
ITM00016064;2016-03-24;0.0;;16.0;;178.6;CAMERI;45.53, 8.669;IT
ITM00016064;2016-05-25;0.0;;23.2;7.2;178.6;CAMERI;45.53, 8.669;IT
ITM00016064;2016-05-31;79.0;;18.4;13.6;178.6;CAMERI;45.53, 8.669;IT
ITM00016064;2016-06-10;3.0;;;11.8;178.6;CAMERI;45.53, 8.669;IT
ITM00016064;2016-06-24;0.0;;32.6;20.0;178.6;CAMERI;45.53, 8.669;IT
ITM00016064;2016-01-08;;;;-3.0;178.6;CAMERI;45.53, 8.669;IT
ITM00016064;2016-07-18;0.0;;31.4;15.2;178.6;CAMERI;45.53, 8.669;IT
ITM00016064;2016-02-02;0.0;;;5.6;178.6;CAMERI;45.53, 8.669;IT
ITM00016064;2016-09-23;0.0;;23.6;10.4;178.6;CAMERI;45.53, 8.669;IT
ITM00016064;2016-02-12;20.0;;7.0;1.0;178.6;CAMERI;45.53, 8.669;IT
ITM00016064;2016-10-19;0.0;;16.2;11.0;178.6;CAMERI;45.53, 8.669;IT
ITM00016064;2016-02-26;0.0;;8.2;-3.0;178.6;CAMERI;45.53, 8.669;IT
ITM00016064;2016-12-03;0.0;;7.6;3.8;178.6;CAMERI;45.53, 8.669;IT
ITM00016064;2016-03-18;0.0;;;0.6;178.6;CAMERI;45.53, 8.669;IT
ITM00016064;2016-12-28;0.0;;11.2;-1.0;178.6;CAMERI;45.53, 8.669;IT
ITM00016064;2016-04-13;5.0;;20.0;9.0;178.6;CAMERI;45.53, 8.669;IT
ITM00016064;2016-04-15;0.0;;19.0;5.6;178.6;CAMERI;45.53, 8.669;IT
ITM00016064;2016-05-05;0.0;;20.2;;178.6;CAMERI;45.53, 8.669;IT
ITM00016064;2016-05-17;0.0;;21.4;8.2;178.6;CAMERI;45.53, 8.669;IT
ITM00016064;2016-05-20;0.0;;23.4;5.8;178.6;CAMERI;45.53, 8.669;IT
ITM00016064;2016-06-23;0.0;;32.6;18.8;178.6;CAMERI;45.53, 8.669;IT
ITM00016064;2016-07-21;0.0;;30.6;19.8;178.6;CAMERI;45.53, 8.669;IT
ITM00016064;2016-08-24;0.0;;;15.8;178.6;CAMERI;45.53, 8.669;IT
ITM00016064;2016-09-26;0.0;;25.8;;178.6;CAMERI;45.53, 8.669;IT
ITM00016064;2016-10-15;51.0;;13.4;;178.6;CAMERI;45.53, 8.669;IT
ITM00016064;2016-10-24;5.0;;;10.6;178.6;CAMERI;45.53, 8.669;IT
ITM00016064;2016-11-02;0.0;;;8.0;178.6;CAMERI;45.53, 8.669;IT
ITM00016064;2016-11-17;0.0;;6.6;0.8;178.6;CAMERI;45.53, 8.669;IT
ITM00016064;2016-11-22;320.0;;10.2;8.4;178.6;CAMERI;45.53, 8.669;IT
ITM00016064;2016-11-25;340.0;;12.4;;178.6;CAMERI;45.53, 8.669;IT
ITM00016064;2016-04-22;0.0;;22.0;9.4;178.6;CAMERI;45.53, 8.669;IT
ITM00016064;2016-05-06;0.0;;;7.6;178.6;CAMERI;45.53, 8.669;IT
ITM00016064;2016-05-09;61.0;;16.0;11.8;178.6;CAMERI;45.53, 8.669;IT
ITM00016064;2016-05-13;5.0;;18.6;10.4;178.6;CAMERI;45.53, 8.669;IT
ITM00016064;2016-05-26;0.0;;25.4;9.8;178.6;CAMERI;45.53, 8.669;IT
ITM00016064;2016-06-21;0.0;;28.8;17.0;178.6;CAMERI;45.53, 8.669;IT
ITM00016064;2016-06-22;0.0;;30.4;16.8;178.6;CAMERI;45.53, 8.669;IT
ITM00016064;2016-08-02;0.0;;28.4;;178.6;CAMERI;45.53, 8.669;IT
ITM00016064;2016-08-04;0.0;;30.8;20.8;178.6;CAMERI;45.53, 8.669;IT
ITM00016064;2016-08-31;3.0;;28.2;16.6;178.6;CAMERI;45.53, 8.669;IT
ITM00016064;2016-09-12;;;30.2;;178.6;CAMERI;45.53, 8.669;IT
ITM00016064;2016-09-27;0.0;;25.0;14.0;178.6;CAMERI;45.53, 8.669;IT
ITM00016064;2016-10-27;10.0;;19.4;10.8;178.6;CAMERI;45.53, 8.669;IT
ITM00016064;2016-11-12;0.0;;;2.6;178.6;CAMERI;45.53, 8.669;IT
ITM00016064;2016-12-09;0.0;;8.6;-4.0;178.6;CAMERI;45.53, 8.669;IT
ITM00016064;2016-12-27;0.0;;18.2;0.8;178.6;CAMERI;45.53, 8.669;IT
ITM00016064;2016-01-05;;;3.0;;178.6;CAMERI;45.53, 8.669;IT
ITM00016064;2016-02-17;99.0;;;;178.6;CAMERI;45.53, 8.669;IT
ITM00016064;2016-02-22;0.0;;11.2;2.2;178.6;CAMERI;45.53, 8.669;IT
ITM00016064;2016-03-25;0.0;;14.4;5.6;178.6;CAMERI;45.53, 8.669;IT
ITM00016064;2016-06-13;3.0;;25.8;14.0;178.6;CAMERI;45.53, 8.669;IT
ITM00016064;2016-07-06;0.0;;31.0;17.0;178.6;CAMERI;45.53, 8.669;IT
ITM00016064;2016-07-13;41.0;;28.6;;178.6;CAMERI;45.53, 8.669;IT
ITM00016064;2016-08-29;0.0;;31.2;16.6;178.6;CAMERI;45.53, 8.669;IT
ITM00016064;2016-10-06;0.0;;17.4;10.8;178.6;CAMERI;45.53, 8.669;IT
ITM00016064;2016-10-14;300.0;;11.0;8.6;178.6;CAMERI;45.53, 8.669;IT
ITM00016064;2016-10-30;0.0;;17.2;6.8;178.6;CAMERI;45.53, 8.669;IT
ITM00016064;2016-11-07;0.0;;13.4;;178.6;CAMERI;45.53, 8.669;IT
ITM00016064;2016-11-14;0.0;;9.6;5.8;178.6;CAMERI;45.53, 8.669;IT
ITM00016064;2016-11-21;160.0;;8.4;;178.6;CAMERI;45.53, 8.669;IT
ITM00016064;2016-12-11;0.0;;8.2;-1.4;178.6;CAMERI;45.53, 8.669;IT
ITM00016064;2016-02-03;28.0;;9.2;6.6;178.6;CAMERI;45.53, 8.669;IT
ITM00016064;2016-02-10;41.0;;13.0;2.0;178.6;CAMERI;45.53, 8.669;IT
ITM00016064;2016-02-18;;;;4.0;178.6;CAMERI;45.53, 8.669;IT
ITM00016064;2016-03-14;0.0;;12.2;6.8;178.6;CAMERI;45.53, 8.669;IT
ITM00016064;2016-04-11;0.0;;21.4;5.4;178.6;CAMERI;45.53, 8.669;IT
ITM00016064;2016-04-19;10.0;;21.4;;178.6;CAMERI;45.53, 8.669;IT
ITM00016064;2016-05-04;0.0;;23.6;10.4;178.6;CAMERI;45.53, 8.669;IT
ITM00016064;2016-06-28;0.0;;;16.4;178.6;CAMERI;45.53, 8.669;IT
ITM00016064;2016-07-20;0.0;;32.4;19.8;178.6;CAMERI;45.53, 8.669;IT
ITM00016064;2016-08-17;20.0;;29.2;14.6;178.6;CAMERI;45.53, 8.669;IT
ITM00016064;2016-08-19;0.0;;27.2;18.0;178.6;CAMERI;45.53, 8.669;IT
ITM00016064;2016-08-30;51.0;;23.4;17.8;178.6;CAMERI;45.53, 8.669;IT
ITM00016064;2016-09-01;0.0;;29.4;16.8;178.6;CAMERI;45.53, 8.669;IT
ITM00016064;2016-09-29;0.0;;25.2;13.2;178.6;CAMERI;45.53, 8.669;IT
ITM00016064;2016-10-05;0.0;;22.0;8.8;178.6;CAMERI;45.53, 8.669;IT
ITM00016064;2016-10-11;0.0;;;6.4;178.6;CAMERI;45.53, 8.669;IT
ITM00016064;2016-10-26;3.0;;15.0;11.8;178.6;CAMERI;45.53, 8.669;IT
ITM00016064;2016-10-29;0.0;;;5.6;178.6;CAMERI;45.53, 8.669;IT
ITM00016064;2016-11-03;0.0;;13.0;5.6;178.6;CAMERI;45.53, 8.669;IT
ITM00016064;2016-11-05;140.0;;9.2;;178.6;CAMERI;45.53, 8.669;IT
ITM00016064;2016-11-11;10.0;;10.8;1.4;178.6;CAMERI;45.53, 8.669;IT
ITM00016064;2016-11-23;201.0;;10.4;9.4;178.6;CAMERI;45.53, 8.669;IT
ITM00016064;2016-11-29;3.0;;8.2;;178.6;CAMERI;45.53, 8.669;IT
ITM00016064;2016-01-04;;;2.6;;178.6;CAMERI;45.53, 8.669;IT
ITM00016064;2016-02-04;0.0;;12.6;-1.6;178.6;CAMERI;45.53, 8.669;IT
ITM00016064;2016-02-05;0.0;;;-2.2;178.6;CAMERI;45.53, 8.669;IT
ITM00016064;2016-02-15;0.0;;;;178.6;CAMERI;45.53, 8.669;IT
ITM00016064;2016-02-16;5.0;;8.0;5.8;178.6;CAMERI;45.53, 8.669;IT
ITM00016064;2016-03-07;0.0;;9.4;-0.2;178.6;CAMERI;45.53, 8.669;IT
ITM00016064;2016-03-09;0.0;;9.6;-2.4;178.6;CAMERI;45.53, 8.669;IT
ITM00016064;2016-04-04;10.0;;16.2;11.4;178.6;CAMERI;45.53, 8.669;IT
ITM00016064;2016-05-27;0.0;;27.4;13.2;178.6;CAMERI;45.53, 8.669;IT
ITM00016064;2016-06-03;0.0;;;11.6;178.6;CAMERI;45.53, 8.669;IT
ITM00016064;2016-06-30;3.0;;29.4;18.6;178.6;CAMERI;45.53, 8.669;IT
ITM00016064;2016-08-09;0.0;;28.4;17.4;178.6;CAMERI;45.53, 8.669;IT
ITM00016064;2016-09-08;0.0;;28.6;;178.6;CAMERI;45.53, 8.669;IT
ITM00016064;2016-09-19;0.0;;27.4;12.6;178.6;CAMERI;45.53, 8.669;IT
ITM00016064;2016-09-30;0.0;;24.6;11.8;178.6;CAMERI;45.53, 8.669;IT
ITM00016064;2016-10-25;8.0;;13.2;12.0;178.6;CAMERI;45.53, 8.669;IT
ITM00016064;2016-11-26;119.0;;14.2;;178.6;CAMERI;45.53, 8.669;IT
ITM00016064;2016-12-21;23.0;;9.2;;178.6;CAMERI;45.53, 8.669;IT
ITM00016064;2016-12-31;0.0;;7.2;;178.6;CAMERI;45.53, 8.669;IT
ITM00016064;2016-02-01;0.0;;;0.8;178.6;CAMERI;45.53, 8.669;IT
ITM00016064;2016-03-08;0.0;;10.4;-1.0;178.6;CAMERI;45.53, 8.669;IT
ITM00016064;2016-03-22;0.0;;;6.4;178.6;CAMERI;45.53, 8.669;IT
ITM00016064;2016-04-07;0.0;;21.4;10.4;178.6;CAMERI;45.53, 8.669;IT
ITM00016064;2016-04-08;3.0;;18.4;9.8;178.6;CAMERI;45.53, 8.669;IT
ITM00016064;2016-06-15;399.0;;23.4;;178.6;CAMERI;45.53, 8.669;IT
ITM00016064;2016-06-20;0.0;;28.0;11.8;178.6;CAMERI;45.53, 8.669;IT
ITM00016064;2016-06-29;0.0;;;18.4;178.6;CAMERI;45.53, 8.669;IT
ITM00016064;2016-07-08;0.0;;29.4;21.8;178.6;CAMERI;45.53, 8.669;IT
ITM00016064;2016-07-15;;;26.6;12.6;178.6;CAMERI;45.53, 8.669;IT
ITM00016064;2016-08-18;5.0;;27.4;17.6;178.6;CAMERI;45.53, 8.669;IT
ITM00016064;2016-09-18;28.0;;23.2;13.4;178.6;CAMERI;45.53, 8.669;IT
ITM00016064;2016-10-04;0.0;;23.4;9.8;178.6;CAMERI;45.53, 8.669;IT
ITM00016064;2016-10-10;140.0;;15.4;5.8;178.6;CAMERI;45.53, 8.669;IT
ITM00016064;2016-10-22;0.0;;14.0;7.2;178.6;CAMERI;45.53, 8.669;IT
ITM00016064;2016-11-30;0.0;;;-4.2;178.6;CAMERI;45.53, 8.669;IT
ITM00016064;2016-12-08;0.0;;9.2;-4.2;178.6;CAMERI;45.53, 8.669;IT
ITM00016064;2016-12-12;;;2.2;-0.4;178.6;CAMERI;45.53, 8.669;IT
ITM00016064;2016-12-19;;;;-3.4;178.6;CAMERI;45.53, 8.669;IT
ITM00016064;2016-12-23;0.0;;11.4;-2.2;178.6;CAMERI;45.53, 8.669;IT
ITM00016064;2016-12-29;0.0;;7.4;0.0;178.6;CAMERI;45.53, 8.669;IT
ITM00016064;2016-02-11;0.0;;11.2;;178.6;CAMERI;45.53, 8.669;IT
ITM00016064;2016-02-29;231.0;;10.0;5.4;178.6;CAMERI;45.53, 8.669;IT
ITM00016064;2016-03-29;0.0;;20.4;7.8;178.6;CAMERI;45.53, 8.669;IT
ITM00016064;2016-04-05;20.0;;17.8;11.8;178.6;CAMERI;45.53, 8.669;IT
ITM00016064;2016-05-02;0.0;;19.0;6.4;178.6;CAMERI;45.53, 8.669;IT
ITM00016064;2016-05-10;43.0;;15.4;12.4;178.6;CAMERI;45.53, 8.669;IT
ITM00016064;2016-06-01;5.0;;21.4;13.0;178.6;CAMERI;45.53, 8.669;IT
ITM00016064;2016-06-14;130.0;;24.2;14.2;178.6;CAMERI;45.53, 8.669;IT
ITM00016064;2016-07-07;0.0;;30.8;16.4;178.6;CAMERI;45.53, 8.669;IT
ITM00016064;2016-08-08;0.0;;;16.6;178.6;CAMERI;45.53, 8.669;IT
ITM00016064;2016-08-12;0.0;;25.6;;178.6;CAMERI;45.53, 8.669;IT
ITM00016064;2016-09-13;0.0;;30.6;17.0;178.6;CAMERI;45.53, 8.669;IT
ITM00016064;2016-09-14;0.0;;30.2;17.0;178.6;CAMERI;45.53, 8.669;IT
ITM00016064;2016-09-21;;;18.8;;178.6;CAMERI;45.53, 8.669;IT
ITM00016064;2016-10-01;51.0;;21.0;12.4;178.6;CAMERI;45.53, 8.669;IT
ITM00016064;2016-11-06;;;10.2;;178.6;CAMERI;45.53, 8.669;IT
ITM00016064;2016-11-10;0.0;;9.4;-2.4;178.6;CAMERI;45.53, 8.669;IT
ITM00016064;2016-12-04;0.0;;8.0;4.8;178.6;CAMERI;45.53, 8.669;IT
ITM00016064;2016-12-24;0.0;;10.6;-1.4;178.6;CAMERI;45.53, 8.669;IT
ITM00016064;2016-01-28;0.0;;11.2;6.0;178.6;CAMERI;45.53, 8.669;IT
ITM00016064;2016-02-19;0.0;;13.4;-1.0;178.6;CAMERI;45.53, 8.669;IT
ITM00016064;2016-03-15;0.0;;13.4;;178.6;CAMERI;45.53, 8.669;IT
ITM00016064;2016-03-16;89.0;;6.2;4.0;178.6;CAMERI;45.53, 8.669;IT
ITM00016064;2016-05-23;170.0;;18.2;;178.6;CAMERI;45.53, 8.669;IT
ITM00016064;2016-06-08;0.0;;26.4;15.6;178.6;CAMERI;45.53, 8.669;IT
ITM00016064;2016-07-11;130.0;;33.0;21.0;178.6;CAMERI;45.53, 8.669;IT
ITM00016064;2016-07-29;0.0;;30.4;19.2;178.6;CAMERI;45.53, 8.669;IT
ITM00016064;2016-08-05;170.0;;26.4;;178.6;CAMERI;45.53, 8.669;IT
ITM00016064;2016-08-22;0.0;;27.6;14.6;178.6;CAMERI;45.53, 8.669;IT
ITM00016064;2016-09-04;0.0;;29.2;19.0;178.6;CAMERI;45.53, 8.669;IT
ITM00016064;2016-09-09;0.0;;30.2;15.8;178.6;CAMERI;45.53, 8.669;IT
ITM00016064;2016-09-11;0.0;;30.2;17.6;178.6;CAMERI;45.53, 8.669;IT
ITM00016064;2016-10-03;0.0;;;;178.6;CAMERI;45.53, 8.669;IT
ITM00016064;2016-10-08;0.0;;19.0;8.0;178.6;CAMERI;45.53, 8.669;IT
ITM00016064;2016-10-17;;;;10.6;178.6;CAMERI;45.53, 8.669;IT
ITM00016064;2016-12-05;0.0;;10.4;;178.6;CAMERI;45.53, 8.669;IT
ITM00016064;2016-12-07;0.0;;8.6;-2.2;178.6;CAMERI;45.53, 8.669;IT
ITM00016064;2016-12-15;0.0;;;-1.0;178.6;CAMERI;45.53, 8.669;IT
ITM00016064;2017-01-05;0.0;;8.2;-1.2;178.6;CAMERI;45.53, 8.669;IT
ITM00016064;2017-02-14;0.0;;11.0;5.0;178.6;CAMERI;45.53, 8.669;IT
ITM00016064;2017-02-16;0.0;;;;178.6;CAMERI;45.53, 8.669;IT
ITM00016064;2017-03-30;0.0;;;6.6;178.6;CAMERI;45.53, 8.669;IT
ITM00016064;2017-05-16;0.0;;26.0;14.0;178.6;CAMERI;45.53, 8.669;IT
ITM00016064;2017-05-24;0.0;;;13.6;178.6;CAMERI;45.53, 8.669;IT
ITM00016064;2017-05-30;0.0;;;15.2;178.6;CAMERI;45.53, 8.669;IT
ITM00016064;2017-07-06;0.0;;32.0;18.4;178.6;CAMERI;45.53, 8.669;IT
ITM00016064;2017-08-10;0.0;;28.8;18.0;178.6;CAMERI;45.53, 8.669;IT
ITM00016064;2017-09-12;0.0;;27.2;15.6;178.6;CAMERI;45.53, 8.669;IT
ITM00016064;2017-10-26;0.0;;19.4;4.6;178.6;CAMERI;45.53, 8.669;IT
ITM00016064;2017-01-02;0.0;;6.2;;178.6;CAMERI;45.53, 8.669;IT
ITM00016064;2017-01-10;;;0.0;-4.6;178.6;CAMERI;45.53, 8.669;IT
ITM00016064;2017-02-10;130.0;;;;178.6;CAMERI;45.53, 8.669;IT
ITM00016064;2017-02-27;0.0;;13.4;2.6;178.6;CAMERI;45.53, 8.669;IT
ITM00016064;2017-03-14;0.0;;19.6;1.0;178.6;CAMERI;45.53, 8.669;IT
ITM00016064;2017-03-17;0.0;;;4.6;178.6;CAMERI;45.53, 8.669;IT
ITM00016064;2017-03-23;160.0;;13.4;10.6;178.6;CAMERI;45.53, 8.669;IT
ITM00016064;2017-05-23;0.0;;;13.0;178.6;CAMERI;45.53, 8.669;IT
ITM00016064;2017-06-12;0.0;;30.6;17.0;178.6;CAMERI;45.53, 8.669;IT
ITM00016064;2017-06-19;0.0;;30.0;15.4;178.6;CAMERI;45.53, 8.669;IT
ITM00016064;2017-07-14;61.0;;28.6;20.4;178.6;CAMERI;45.53, 8.669;IT
ITM00016064;2017-07-26;0.0;;30.4;13.4;178.6;CAMERI;45.53, 8.669;IT
ITM00016064;2017-07-27;0.0;;;15.0;178.6;CAMERI;45.53, 8.669;IT
ITM00016064;2017-08-08;41.0;;27.6;20.6;178.6;CAMERI;45.53, 8.669;IT
ITM00016064;2017-08-09;41.0;;31.0;18.8;178.6;CAMERI;45.53, 8.669;IT
ITM00016064;2017-09-05;0.0;;27.6;13.6;178.6;CAMERI;45.53, 8.669;IT
ITM00016064;2017-09-20;0.0;;24.2;9.8;178.6;CAMERI;45.53, 8.669;IT
ITM00016064;2017-10-06;0.0;;24.8;8.6;178.6;CAMERI;45.53, 8.669;IT
ITM00016064;2017-10-10;0.0;;22.0;;178.6;CAMERI;45.53, 8.669;IT
ITM00016064;2017-10-23;0.0;;22.0;;178.6;CAMERI;45.53, 8.669;IT
ITM00016064;2017-10-31;0.0;;17.6;;178.6;CAMERI;45.53, 8.669;IT
ITM00016064;2017-11-22;0.0;;12.6;3.4;178.6;CAMERI;45.53, 8.669;IT
ITM00016064;2017-12-13;0.0;;8.4;-4.4;178.6;CAMERI;45.53, 8.669;IT
ITM00016064;2017-01-01;0.0;;;-4.2;178.6;CAMERI;45.53, 8.669;IT
ITM00016064;2017-01-17;0.0;;7.0;-0.6;178.6;CAMERI;45.53, 8.669;IT
ITM00016064;2017-02-09;0.0;;;;178.6;CAMERI;45.53, 8.669;IT
ITM00016064;2017-05-26;0.0;;26.8;18.0;178.6;CAMERI;45.53, 8.669;IT
ITM00016064;2017-05-31;0.0;;29.4;14.2;178.6;CAMERI;45.53, 8.669;IT
ITM00016064;2017-06-09;0.0;;;13.0;178.6;CAMERI;45.53, 8.669;IT
ITM00016064;2017-06-15;20.0;;29.8;20.4;178.6;CAMERI;45.53, 8.669;IT
ITM00016064;2017-07-04;0.0;;29.4;16.6;178.6;CAMERI;45.53, 8.669;IT
ITM00016064;2017-07-21;;;31.2;18.6;178.6;CAMERI;45.53, 8.669;IT
ITM00016064;2017-09-06;0.0;;27.4;13.4;178.6;CAMERI;45.53, 8.669;IT
ITM00016064;2017-09-29;0.0;;22.4;;178.6;CAMERI;45.53, 8.669;IT
ITM00016064;2017-12-11;;;;-2.4;178.6;CAMERI;45.53, 8.669;IT
ITM00016064;2017-12-15;0.0;;7.4;-3.0;178.6;CAMERI;45.53, 8.669;IT
ITM00016064;2017-12-27;320.0;;4.2;;178.6;CAMERI;45.53, 8.669;IT
ITM00016064;2017-01-08;0.0;;2.4;-7.0;178.6;CAMERI;45.53, 8.669;IT
ITM00016064;2017-01-18;0.0;;5.2;;178.6;CAMERI;45.53, 8.669;IT
ITM00016064;2017-01-24;0.0;;;-4.8;178.6;CAMERI;45.53, 8.669;IT
ITM00016064;2017-01-30;0.0;;;-1.2;178.6;CAMERI;45.53, 8.669;IT
ITM00016064;2017-01-31;0.0;;4.2;;178.6;CAMERI;45.53, 8.669;IT
ITM00016064;2017-02-06;51.0;;11.4;2.8;178.6;CAMERI;45.53, 8.669;IT
ITM00016064;2017-02-08;0.0;;7.4;2.6;178.6;CAMERI;45.53, 8.669;IT
ITM00016064;2017-01-03;0.0;;9.0;-4.0;178.6;CAMERI;45.53, 8.669;IT
ITM00016064;2017-02-13;0.0;;7.4;;178.6;CAMERI;45.53, 8.669;IT
ITM00016064;2017-01-06;0.0;;;;178.6;CAMERI;45.53, 8.669;IT
ITM00016064;2017-03-03;41.0;;8.4;2.4;178.6;CAMERI;45.53, 8.669;IT
ITM00016064;2017-01-13;;;3.4;-1.2;178.6;CAMERI;45.53, 8.669;IT
ITM00016064;2017-03-21;0.0;;17.4;11.8;178.6;CAMERI;45.53, 8.669;IT
ITM00016064;2017-01-14;0.0;;7.2;-5.0;178.6;CAMERI;45.53, 8.669;IT
ITM00016064;2017-04-05;8.0;;16.8;9.8;178.6;CAMERI;45.53, 8.669;IT
ITM00016064;2017-01-26;0.0;;5.2;-5.4;178.6;CAMERI;45.53, 8.669;IT
ITM00016064;2017-04-28;5.0;;17.4;5.2;178.6;CAMERI;45.53, 8.669;IT
ITM00016064;2017-02-21;0.0;;12.2;-1.0;178.6;CAMERI;45.53, 8.669;IT
ITM00016064;2017-05-02;109.0;;18.0;1.4;178.6;CAMERI;45.53, 8.669;IT
ITM00016064;2017-03-06;10.0;;14.4;;178.6;CAMERI;45.53, 8.669;IT
ITM00016064;2017-05-12;140.0;;20.6;11.4;178.6;CAMERI;45.53, 8.669;IT
ITM00016064;2017-03-09;0.0;;;0.4;178.6;CAMERI;45.53, 8.669;IT
ITM00016064;2017-09-07;0.0;;28.6;15.6;178.6;CAMERI;45.53, 8.669;IT
ITM00016064;2017-03-29;0.0;;23.0;4.4;178.6;CAMERI;45.53, 8.669;IT
ITM00016064;2017-09-25;0.0;;22.2;11.0;178.6;CAMERI;45.53, 8.669;IT
ITM00016064;2017-04-21;0.0;;17.6;0.4;178.6;CAMERI;45.53, 8.669;IT
ITM00016064;2017-10-04;0.0;;20.4;9.4;178.6;CAMERI;45.53, 8.669;IT
ITM00016064;2017-04-26;;;12.8;;178.6;CAMERI;45.53, 8.669;IT
ITM00016064;2017-10-30;0.0;;18.6;4.8;178.6;CAMERI;45.53, 8.669;IT
ITM00016064;2017-05-04;20.0;;18.2;;178.6;CAMERI;45.53, 8.669;IT
ITM00016064;2017-11-03;0.0;;18.2;4.6;178.6;CAMERI;45.53, 8.669;IT
ITM00016064;2017-05-15;0.0;;26.0;10.8;178.6;CAMERI;45.53, 8.669;IT
ITM00016064;2017-11-14;0.0;;;1.4;178.6;CAMERI;45.53, 8.669;IT
ITM00016064;2017-07-03;0.0;;;15.6;178.6;CAMERI;45.53, 8.669;IT
ITM00016064;2017-12-20;0.0;;5.8;-5.4;178.6;CAMERI;45.53, 8.669;IT
ITM00016064;2017-08-21;0.0;;28.6;15.0;178.6;CAMERI;45.53, 8.669;IT
ITM00016064;2017-12-22;0.0;;5.6;-4.2;178.6;CAMERI;45.53, 8.669;IT
ITM00016064;2017-10-07;;;;4.0;178.6;CAMERI;45.53, 8.669;IT
ITM00016064;2017-12-28;41.0;;;1.8;178.6;CAMERI;45.53, 8.669;IT
ITM00016064;2017-10-11;0.0;;20.6;9.8;178.6;CAMERI;45.53, 8.669;IT
ITM00016064;2017-11-15;0.0;;;-1.2;178.6;CAMERI;45.53, 8.669;IT
ITM00016064;2017-11-28;;;5.4;-3.2;178.6;CAMERI;45.53, 8.669;IT
ITM00016064;2017-12-07;0.0;;7.6;-0.6;178.6;CAMERI;45.53, 8.669;IT
ITM00016064;2017-12-12;;;4.2;;178.6;CAMERI;45.53, 8.669;IT
ITM00016064;2017-12-21;0.0;;5.8;-7.0;178.6;CAMERI;45.53, 8.669;IT
ITM00016064;2017-01-09;0.0;;;;178.6;CAMERI;45.53, 8.669;IT
ITM00016064;2017-01-11;0.0;;;;178.6;CAMERI;45.53, 8.669;IT
ITM00016064;2017-01-15;0.0;;7.2;;178.6;CAMERI;45.53, 8.669;IT
ITM00016064;2017-02-03;150.0;;;4.4;178.6;CAMERI;45.53, 8.669;IT
ITM00016064;2017-02-22;0.0;;9.0;1.2;178.6;CAMERI;45.53, 8.669;IT
ITM00016064;2017-02-23;0.0;;;0.8;178.6;CAMERI;45.53, 8.669;IT
ITM00016064;2017-03-08;0.0;;16.4;2.6;178.6;CAMERI;45.53, 8.669;IT
ITM00016064;2017-03-16;0.0;;19.4;3.0;178.6;CAMERI;45.53, 8.669;IT
ITM00016064;2017-05-19;79.0;;21.8;;178.6;CAMERI;45.53, 8.669;IT
ITM00016064;2017-07-12;;;;15.0;178.6;CAMERI;45.53, 8.669;IT
ITM00016064;2017-08-18;0.0;;33.6;21.6;178.6;CAMERI;45.53, 8.669;IT
ITM00016064;2017-08-28;0.0;;;;178.6;CAMERI;45.53, 8.669;IT
ITM00016064;2017-09-19;0.0;;23.2;8.6;178.6;CAMERI;45.53, 8.669;IT
ITM00016064;2017-10-09;0.0;;22.0;6.8;178.6;CAMERI;45.53, 8.669;IT
ITM00016064;2017-10-13;0.0;;23.0;9.4;178.6;CAMERI;45.53, 8.669;IT
ITM00016064;2017-10-25;0.0;;;5.4;178.6;CAMERI;45.53, 8.669;IT
ITM00016064;2017-11-09;41.0;;10.6;;178.6;CAMERI;45.53, 8.669;IT
ITM00016064;2017-11-23;5.0;;11.6;6.4;178.6;CAMERI;45.53, 8.669;IT
ITM00016064;2017-02-07;0.0;;;1.2;178.6;CAMERI;45.53, 8.669;IT
ITM00016064;2017-02-15;0.0;;;-1.2;178.6;CAMERI;45.53, 8.669;IT
ITM00016064;2017-04-04;0.0;;23.0;5.4;178.6;CAMERI;45.53, 8.669;IT
ITM00016064;2017-05-05;0.0;;21.4;4.4;178.6;CAMERI;45.53, 8.669;IT
ITM00016064;2017-06-08;0.0;;;14.4;178.6;CAMERI;45.53, 8.669;IT
ITM00016064;2017-09-13;0.0;;23.6;11.6;178.6;CAMERI;45.53, 8.669;IT
ITM00016064;2017-09-15;3.0;;19.2;7.4;178.6;CAMERI;45.53, 8.669;IT
ITM00016064;2017-09-21;0.0;;23.2;7.2;178.6;CAMERI;45.53, 8.669;IT
ITM00016064;2017-10-03;0.0;;20.6;12.4;178.6;CAMERI;45.53, 8.669;IT
ITM00016064;2017-12-29;0.0;;8.8;;178.6;CAMERI;45.53, 8.669;IT
ITM00016064;2017-01-04;0.0;;;;178.6;CAMERI;45.53, 8.669;IT
ITM00016064;2017-04-18;0.0;;17.2;5.6;178.6;CAMERI;45.53, 8.669;IT
ITM00016064;2017-04-19;0.0;;16.2;0.0;178.6;CAMERI;45.53, 8.669;IT
ITM00016064;2017-04-20;0.0;;18.2;-0.6;178.6;CAMERI;45.53, 8.669;IT
ITM00016064;2017-05-03;10.0;;15.8;;178.6;CAMERI;45.53, 8.669;IT
ITM00016064;2017-05-08;0.0;;22.4;6.8;178.6;CAMERI;45.53, 8.669;IT
ITM00016064;2017-05-09;0.0;;22.6;9.0;178.6;CAMERI;45.53, 8.669;IT
ITM00016064;2017-06-01;0.0;;;13.0;178.6;CAMERI;45.53, 8.669;IT
ITM00016064;2017-06-28;130.0;;24.4;;178.6;CAMERI;45.53, 8.669;IT
ITM00016064;2017-08-23;0.0;;29.6;;178.6;CAMERI;45.53, 8.669;IT
ITM00016064;2017-09-18;30.0;;18.6;8.8;178.6;CAMERI;45.53, 8.669;IT
ITM00016064;2017-10-12;0.0;;22.4;6.8;178.6;CAMERI;45.53, 8.669;IT
ITM00016064;2017-11-04;;;;8.8;178.6;CAMERI;45.53, 8.669;IT
ITM00016064;2017-11-06;119.0;;12.4;7.8;178.6;CAMERI;45.53, 8.669;IT
ITM00016064;2017-11-10;5.0;;13.0;;178.6;CAMERI;45.53, 8.669;IT
ITM00016064;2017-11-17;0.0;;14.4;-1.0;178.6;CAMERI;45.53, 8.669;IT
ITM00016064;2017-11-24;;;;2.0;178.6;CAMERI;45.53, 8.669;IT
ITM00016064;2017-01-20;0.0;;6.4;-6.6;178.6;CAMERI;45.53, 8.669;IT
ITM00016064;2017-04-07;0.0;;;8.6;178.6;CAMERI;45.53, 8.669;IT
ITM00016064;2017-04-14;0.0;;22.4;6.6;178.6;CAMERI;45.53, 8.669;IT
ITM00016064;2017-01-27;0.0;;4.2;-1.0;178.6;CAMERI;45.53, 8.669;IT
ITM00016064;2017-05-22;0.0;;26.6;11.4;178.6;CAMERI;45.53, 8.669;IT
ITM00016064;2017-03-01;0.0;;15.6;-0.8;178.6;CAMERI;45.53, 8.669;IT
ITM00016064;2017-06-06;79.0;;25.4;16.2;178.6;CAMERI;45.53, 8.669;IT
ITM00016064;2017-03-02;0.0;;16.4;1.4;178.6;CAMERI;45.53, 8.669;IT
ITM00016064;2017-06-07;0.0;;26.6;9.6;178.6;CAMERI;45.53, 8.669;IT
ITM00016064;2017-03-10;0.0;;23.4;2.6;178.6;CAMERI;45.53, 8.669;IT
ITM00016064;2017-06-14;20.0;;30.6;20.0;178.6;CAMERI;45.53, 8.669;IT
ITM00016064;2017-05-11;3.0;;15.4;;178.6;CAMERI;45.53, 8.669;IT
ITM00016064;2017-06-27;30.0;;28.4;18.2;178.6;CAMERI;45.53, 8.669;IT
ITM00016064;2017-05-29;0.0;;30.2;16.8;178.6;CAMERI;45.53, 8.669;IT
ITM00016064;2017-06-30;30.0;;25.2;12.0;178.6;CAMERI;45.53, 8.669;IT
ITM00016064;2017-06-20;0.0;;31.8;15.8;178.6;CAMERI;45.53, 8.669;IT
ITM00016064;2017-07-05;0.0;;30.6;19.4;178.6;CAMERI;45.53, 8.669;IT
ITM00016064;2017-08-02;0.0;;34.6;21.8;178.6;CAMERI;45.53, 8.669;IT
ITM00016064;2017-07-11;10.0;;27.4;16.4;178.6;CAMERI;45.53, 8.669;IT
ITM00016064;2017-08-14;0.0;;31.4;16.6;178.6;CAMERI;45.53, 8.669;IT
ITM00016064;2017-08-04;0.0;;36.2;22.4;178.6;CAMERI;45.53, 8.669;IT
ITM00016064;2017-08-17;0.0;;32.6;19.8;178.6;CAMERI;45.53, 8.669;IT
ITM00016064;2017-10-16;0.0;;24.6;;178.6;CAMERI;45.53, 8.669;IT
ITM00016064;2017-08-22;0.0;;28.4;15.8;178.6;CAMERI;45.53, 8.669;IT
ITM00016064;2017-11-02;0.0;;16.6;3.8;178.6;CAMERI;45.53, 8.669;IT
ITM00016064;2017-08-30;0.0;;32.0;19.8;178.6;CAMERI;45.53, 8.669;IT
ITM00016064;2017-11-20;0.0;;12.0;;178.6;CAMERI;45.53, 8.669;IT
ITM00016064;2017-08-31;0.0;;29.0;22.0;178.6;CAMERI;45.53, 8.669;IT
ITM00016064;2017-11-29;;;4.6;3.0;178.6;CAMERI;45.53, 8.669;IT
ITM00016064;2017-09-01;0.0;;27.6;;178.6;CAMERI;45.53, 8.669;IT
ITM00016064;2017-12-19;;;;-6.4;178.6;CAMERI;45.53, 8.669;IT
ITM00016064;2017-11-07;0.0;;12.6;3.6;178.6;CAMERI;45.53, 8.669;IT
ITM00016064;2017-11-13;0.0;;13.6;;178.6;CAMERI;45.53, 8.669;IT
ITM00016064;2017-12-01;;;6.2;-3.8;178.6;CAMERI;45.53, 8.669;IT
ITM00016064;2017-12-04;0.0;;6.0;;178.6;CAMERI;45.53, 8.669;IT
ITM00016064;2017-12-06;0.0;;12.4;-4.2;178.6;CAMERI;45.53, 8.669;IT
ITM00016064;2017-02-24;3.0;;13.0;;178.6;CAMERI;45.53, 8.669;IT
ITM00016064;2017-03-13;0.0;;15.6;-0.4;178.6;CAMERI;45.53, 8.669;IT
ITM00016064;2017-03-22;61.0;;;;178.6;CAMERI;45.53, 8.669;IT
ITM00016064;2017-03-31;0.0;;23.6;9.0;178.6;CAMERI;45.53, 8.669;IT
ITM00016064;2017-04-03;0.0;;24.0;5.6;178.6;CAMERI;45.53, 8.669;IT
ITM00016064;2017-04-10;0.0;;24.4;10.6;178.6;CAMERI;45.53, 8.669;IT
ITM00016064;2017-04-11;0.0;;25.4;8.0;178.6;CAMERI;45.53, 8.669;IT
ITM00016064;2017-04-24;0.0;;15.8;;178.6;CAMERI;45.53, 8.669;IT
ITM00016064;2017-04-27;51.0;;14.2;;178.6;CAMERI;45.53, 8.669;IT
ITM00016064;2017-06-16;;;32.2;19.6;178.6;CAMERI;45.53, 8.669;IT
ITM00016064;2017-06-29;104.0;;25.4;14.8;178.6;CAMERI;45.53, 8.669;IT
ITM00016064;2017-07-10;51.0;;30.2;17.8;178.6;CAMERI;45.53, 8.669;IT
ITM00016064;2017-08-01;0.0;;33.6;20.6;178.6;CAMERI;45.53, 8.669;IT
ITM00016064;2017-08-29;0.0;;31.2;20.8;178.6;CAMERI;45.53, 8.669;IT
ITM00016064;2017-09-04;0.0;;25.2;12.6;178.6;CAMERI;45.53, 8.669;IT
ITM00016064;2017-09-08;41.0;;24.4;;178.6;CAMERI;45.53, 8.669;IT
ITM00016064;2017-09-26;0.0;;22.4;12.6;178.6;CAMERI;45.53, 8.669;IT
ITM00016064;2017-10-05;0.0;;22.6;8.4;178.6;CAMERI;45.53, 8.669;IT
ITM00016064;2017-10-17;0.0;;23.4;8.8;178.6;CAMERI;45.53, 8.669;IT
ITM00016064;2017-11-27;;;11.4;;178.6;CAMERI;45.53, 8.669;IT
ITM00016064;2017-11-30;;;11.4;;178.6;CAMERI;45.53, 8.669;IT
ITM00016064;2017-02-20;0.0;;3.4;-1.2;178.6;CAMERI;45.53, 8.669;IT
ITM00016064;2017-07-07;0.0;;32.6;18.4;178.6;CAMERI;45.53, 8.669;IT
ITM00016064;2017-07-17;;;;18.0;178.6;CAMERI;45.53, 8.669;IT
ITM00016064;2017-07-28;0.0;;31.2;15.4;178.6;CAMERI;45.53, 8.669;IT
ITM00016064;2017-08-03;0.0;;35.4;21.6;178.6;CAMERI;45.53, 8.669;IT
ITM00016064;2017-09-22;0.0;;23.2;7.8;178.6;CAMERI;45.53, 8.669;IT
ITM00016064;2017-10-02;0.0;;19.4;12.8;178.6;CAMERI;45.53, 8.669;IT
ITM00016064;2017-10-20;0.0;;13.6;9.0;178.6;CAMERI;45.53, 8.669;IT
ITM00016064;2017-11-08;51.0;;9.4;;178.6;CAMERI;45.53, 8.669;IT
ITM00016064;2017-12-14;0.0;;8.4;-1.6;178.6;CAMERI;45.53, 8.669;IT
ITM00016064;2017-01-12;;;;-1.6;178.6;CAMERI;45.53, 8.669;IT
ITM00016064;2017-01-16;0.0;;;-4.0;178.6;CAMERI;45.53, 8.669;IT
ITM00016064;2017-02-02;109.0;;5.0;3.4;178.6;CAMERI;45.53, 8.669;IT
ITM00016064;2017-03-07;3.0;;16.8;0.6;178.6;CAMERI;45.53, 8.669;IT
ITM00016064;2017-03-28;0.0;;19.6;1.4;178.6;CAMERI;45.53, 8.669;IT
ITM00016064;2017-05-25;0.0;;26.8;15.6;178.6;CAMERI;45.53, 8.669;IT
ITM00016064;2017-06-21;0.0;;32.2;16.8;178.6;CAMERI;45.53, 8.669;IT
ITM00016064;2017-06-22;0.0;;32.4;18.8;178.6;CAMERI;45.53, 8.669;IT
ITM00016064;2017-06-26;61.0;;30.2;18.4;178.6;CAMERI;45.53, 8.669;IT
ITM00016064;2017-07-25;0.0;;30.2;12.8;178.6;CAMERI;45.53, 8.669;IT
ITM00016064;2017-08-11;61.0;;21.6;;178.6;CAMERI;45.53, 8.669;IT
ITM00016064;2017-08-24;0.0;;31.2;17.0;178.6;CAMERI;45.53, 8.669;IT
ITM00016064;2017-08-25;0.0;;31.6;19.8;178.6;CAMERI;45.53, 8.669;IT
ITM00016064;2017-09-28;0.0;;24.2;13.0;178.6;CAMERI;45.53, 8.669;IT
ITM00016064;2017-10-18;0.0;;21.2;7.8;178.6;CAMERI;45.53, 8.669;IT
ITM00016064;2017-10-24;0.0;;24.0;5.0;178.6;CAMERI;45.53, 8.669;IT
ITM00016064;2017-01-25;0.0;;9.4;-2.2;178.6;CAMERI;45.53, 8.669;IT
ITM00016064;2017-02-01;;;;-1.8;178.6;CAMERI;45.53, 8.669;IT
ITM00016064;2017-02-17;0.0;;14.0;1.8;178.6;CAMERI;45.53, 8.669;IT
ITM00016064;2017-04-12;0.0;;22.2;13.0;178.6;CAMERI;45.53, 8.669;IT
ITM00016064;2017-06-05;119.0;;21.4;;178.6;CAMERI;45.53, 8.669;IT
ITM00016064;2017-09-27;0.0;;24.2;12.0;178.6;CAMERI;45.53, 8.669;IT
ITM00016064;2017-10-19;0.0;;;8.4;178.6;CAMERI;45.53, 8.669;IT
ITM00016064;2017-10-27;0.0;;22.0;5.8;178.6;CAMERI;45.53, 8.669;IT
ITM00016064;2017-11-01;;;;4.0;178.6;CAMERI;45.53, 8.669;IT
ITM00016064;2017-11-21;0.0;;14.4;1.0;178.6;CAMERI;45.53, 8.669;IT
ITM00016064;2017-01-19;0.0;;6.0;-5.2;178.6;CAMERI;45.53, 8.669;IT
ITM00016064;2017-01-23;0.0;;;-1.6;178.6;CAMERI;45.53, 8.669;IT
ITM00016064;2017-03-24;41.0;;13.4;9.0;178.6;CAMERI;45.53, 8.669;IT
ITM00016064;2017-04-06;0.0;;;4.2;178.6;CAMERI;45.53, 8.669;IT
ITM00016064;2017-04-13;0.0;;24.6;7.4;178.6;CAMERI;45.53, 8.669;IT
ITM00016064;2017-05-17;0.0;;27.2;14.0;178.6;CAMERI;45.53, 8.669;IT
ITM00016064;2017-06-13;0.0;;31.4;17.8;178.6;CAMERI;45.53, 8.669;IT
ITM00016064;2017-07-13;0.0;;32.6;17.8;178.6;CAMERI;45.53, 8.669;IT
ITM00016064;2017-08-07;0.0;;31.0;18.6;178.6;CAMERI;45.53, 8.669;IT
ITM00016064;2017-01-07;0.0;;1.6;;178.6;CAMERI;45.53, 8.669;IT
ITM00016064;2017-03-15;0.0;;19.2;6.8;178.6;CAMERI;45.53, 8.669;IT
ITM00016064;2017-03-20;;;19.0;7.0;178.6;CAMERI;45.53, 8.669;IT
ITM00016064;2017-03-27;0.0;;16.4;9.4;178.6;CAMERI;45.53, 8.669;IT
ITM00016064;2017-05-10;0.0;;18.4;12.2;178.6;CAMERI;45.53, 8.669;IT
ITM00016064;2017-05-18;0.0;;25.6;15.2;178.6;CAMERI;45.53, 8.669;IT
ITM00016064;2017-06-23;0.0;;33.4;16.8;178.6;CAMERI;45.53, 8.669;IT
ITM00016064;2017-07-20;0.0;;30.6;19.0;178.6;CAMERI;45.53, 8.669;IT
ITM00016064;2017-07-24;0.0;;30.6;18.8;178.6;CAMERI;45.53, 8.669;IT
ITM00016064;2017-07-31;20.0;;32.4;18.6;178.6;CAMERI;45.53, 8.669;IT
ITM00016064;2017-08-16;0.0;;32.4;20.2;178.6;CAMERI;45.53, 8.669;IT
ITM00016064;2017-09-14;5.0;;18.6;;178.6;CAMERI;45.53, 8.669;IT
ITM00016064;2018-03-20;0.0;;10.0;3.4;178.6;CAMERI;45.53, 8.669;IT
ITM00016064;2018-03-21;0.0;;8.6;2.0;178.6;CAMERI;45.53, 8.669;IT
ITM00016064;2018-04-13;119.0;;15.6;;178.6;CAMERI;45.53, 8.669;IT
ITM00016064;2018-05-02;99.0;;13.2;;178.6;CAMERI;45.53, 8.669;IT
ITM00016064;2018-05-08;0.0;;;14.4;178.6;CAMERI;45.53, 8.669;IT
ITM00016064;2018-05-14;221.0;;18.2;9.4;178.6;CAMERI;45.53, 8.669;IT
ITM00016064;2018-05-18;0.0;;24.0;11.2;178.6;CAMERI;45.53, 8.669;IT
ITM00016064;2018-07-06;0.0;;31.4;16.8;178.6;CAMERI;45.53, 8.669;IT
ITM00016064;2018-07-26;0.0;;32.6;20.6;178.6;CAMERI;45.53, 8.669;IT
ITM00016064;2018-08-20;0.0;;32.4;20.2;178.6;CAMERI;45.53, 8.669;IT
ITM00016064;2018-08-29;0.0;;29.4;17.0;178.6;CAMERI;45.53, 8.669;IT
ITM00016064;2018-08-30;0.0;;;16.6;178.6;CAMERI;45.53, 8.669;IT
ITM00016064;2018-12-20;;;4.4;0.0;178.6;CAMERI;45.53, 8.669;IT
ITM00016064;2018-01-08;10.0;;12.0;8.8;178.6;CAMERI;45.53, 8.669;IT
ITM00016064;2018-01-26;;;6.2;5.0;178.6;CAMERI;45.53, 8.669;IT
ITM00016064;2018-02-08;;;9.6;-2.2;178.6;CAMERI;45.53, 8.669;IT
ITM00016064;2018-02-15;0.0;;8.6;-4.6;178.6;CAMERI;45.53, 8.669;IT
ITM00016064;2018-03-15;211.0;;8.4;3.8;178.6;CAMERI;45.53, 8.669;IT
ITM00016064;2018-04-26;0.0;;25.2;10.6;178.6;CAMERI;45.53, 8.669;IT
ITM00016064;2018-05-22;25.0;;18.4;15.2;178.6;CAMERI;45.53, 8.669;IT
ITM00016064;2018-06-18;0.0;;29.6;18.6;178.6;CAMERI;45.53, 8.669;IT
ITM00016064;2018-06-21;20.0;;31.0;18.8;178.6;CAMERI;45.53, 8.669;IT
ITM00016064;2018-07-04;20.0;;30.4;18.4;178.6;CAMERI;45.53, 8.669;IT
ITM00016064;2018-07-05;86.0;;28.2;18.4;178.6;CAMERI;45.53, 8.669;IT
ITM00016064;2018-07-19;0.0;;31.4;18.4;178.6;CAMERI;45.53, 8.669;IT
ITM00016064;2018-07-27;5.0;;30.8;19.6;178.6;CAMERI;45.53, 8.669;IT
ITM00016064;2018-07-31;0.0;;;21.4;178.6;CAMERI;45.53, 8.669;IT
ITM00016064;2018-10-31;41.0;;12.4;9.6;178.6;CAMERI;45.53, 8.669;IT
ITM00016064;2018-11-02;20.0;;15.2;10.4;178.6;CAMERI;45.53, 8.669;IT
ITM00016064;2018-11-15;0.0;;13.8;;178.6;CAMERI;45.53, 8.669;IT
ITM00016064;2018-12-28;0.0;;7.2;-4.6;178.6;CAMERI;45.53, 8.669;IT
ITM00016064;2018-01-16;;;8.2;2.6;178.6;CAMERI;45.53, 8.669;IT
ITM00016064;2018-02-14;0.0;;8.4;;178.6;CAMERI;45.53, 8.669;IT
ITM00016064;2018-02-28;0.0;;1.2;-10.0;178.6;CAMERI;45.53, 8.669;IT
ITM00016064;2018-05-10;3.0;;23.2;10.8;178.6;CAMERI;45.53, 8.669;IT
ITM00016064;2018-06-05;0.0;;27.0;13.6;178.6;CAMERI;45.53, 8.669;IT
ITM00016064;2018-07-17;0.0;;31.6;;178.6;CAMERI;45.53, 8.669;IT
ITM00016064;2018-08-31;490.0;;;16.6;178.6;CAMERI;45.53, 8.669;IT
ITM00016064;2018-10-06;;;;13.6;178.6;CAMERI;45.53, 8.669;IT
ITM00016064;2018-10-08;0.0;;25.0;;178.6;CAMERI;45.53, 8.669;IT
ITM00016064;2018-11-13;0.0;;17.4;;178.6;CAMERI;45.53, 8.669;IT
ITM00016064;2018-11-23;89.0;;;2.8;178.6;CAMERI;45.53, 8.669;IT
ITM00016064;2018-12-05;0.0;;13.2;;178.6;CAMERI;45.53, 8.669;IT
ITM00016064;2018-12-17;;;7.2;;178.6;CAMERI;45.53, 8.669;IT
ITM00016064;2018-01-22;;;10.2;;178.6;CAMERI;45.53, 8.669;IT
ITM00016064;2018-01-23;;;10.0;;178.6;CAMERI;45.53, 8.669;IT
ITM00016064;2018-02-12;0.0;;9.6;-0.4;178.6;CAMERI;45.53, 8.669;IT
ITM00016064;2018-03-02;;;1.6;;178.6;CAMERI;45.53, 8.669;IT
ITM00016064;2018-06-06;0.0;;25.6;16.0;178.6;CAMERI;45.53, 8.669;IT
ITM00016064;2018-07-30;0.0;;33.2;20.2;178.6;CAMERI;45.53, 8.669;IT
ITM00016064;2018-09-03;10.0;;25.0;;178.6;CAMERI;45.53, 8.669;IT
ITM00016064;2018-10-22;3.0;;18.4;;178.6;CAMERI;45.53, 8.669;IT
ITM00016064;2018-10-23;0.0;;19.6;5.4;178.6;CAMERI;45.53, 8.669;IT
ITM00016064;2018-10-24;0.0;;28.4;5.6;178.6;CAMERI;45.53, 8.669;IT
ITM00016064;2018-12-10;0.0;;13.6;1.2;178.6;CAMERI;45.53, 8.669;IT
ITM00016064;2018-01-19;;;12.4;-1.6;178.6;CAMERI;45.53, 8.669;IT
ITM00016064;2018-02-02;;;10.4;1.6;178.6;CAMERI;45.53, 8.669;IT
ITM00016064;2018-03-28;0.0;;15.6;3.2;178.6;CAMERI;45.53, 8.669;IT
ITM00016064;2018-03-29;0.0;;13.4;;178.6;CAMERI;45.53, 8.669;IT
ITM00016064;2018-05-04;15.0;;20.4;;178.6;CAMERI;45.53, 8.669;IT
ITM00016064;2018-06-14;0.0;;27.0;15.6;178.6;CAMERI;45.53, 8.669;IT
ITM00016064;2018-07-23;0.0;;31.2;16.4;178.6;CAMERI;45.53, 8.669;IT
ITM00016064;2018-08-07;79.0;;33.2;19.8;178.6;CAMERI;45.53, 8.669;IT
ITM00016064;2018-10-09;0.0;;24.4;11.4;178.6;CAMERI;45.53, 8.669;IT
ITM00016064;2018-10-30;20.0;;;;178.6;CAMERI;45.53, 8.669;IT
ITM00016064;2018-11-07;71.0;;16.2;;178.6;CAMERI;45.53, 8.669;IT
ITM00016064;2018-12-03;0.0;;;-1.0;178.6;CAMERI;45.53, 8.669;IT
ITM00016064;2018-12-11;0.0;;12.0;-1.0;178.6;CAMERI;45.53, 8.669;IT
ITM00016064;2018-02-20;0.0;;9.0;-1.2;178.6;CAMERI;45.53, 8.669;IT
ITM00016064;2018-03-23;0.0;;13.4;-2.6;178.6;CAMERI;45.53, 8.669;IT
ITM00016064;2018-04-24;0.0;;25.4;;178.6;CAMERI;45.53, 8.669;IT
ITM00016064;2018-04-30;3.0;;21.0;;178.6;CAMERI;45.53, 8.669;IT
ITM00016064;2018-05-25;0.0;;;14.0;178.6;CAMERI;45.53, 8.669;IT
ITM00016064;2018-08-13;79.0;;26.0;;178.6;CAMERI;45.53, 8.669;IT
ITM00016064;2018-09-07;20.0;;26.2;15.8;178.6;CAMERI;45.53, 8.669;IT
ITM00016064;2018-10-01;201.0;;14.4;;178.6;CAMERI;45.53, 8.669;IT
ITM00016064;2018-10-15;0.0;;21.6;11.6;178.6;CAMERI;45.53, 8.669;IT
ITM00016064;2018-10-16;0.0;;22.4;13.4;178.6;CAMERI;45.53, 8.669;IT
ITM00016064;2018-10-19;;;;12.0;178.6;CAMERI;45.53, 8.669;IT
ITM00016064;2018-11-05;109.0;;;12.6;178.6;CAMERI;45.53, 8.669;IT
ITM00016064;2018-11-14;0.0;;;7.6;178.6;CAMERI;45.53, 8.669;IT
ITM00016064;2018-11-28;0.0;;13.0;;178.6;CAMERI;45.53, 8.669;IT
ITM00016064;2018-12-19;;;;-2.4;178.6;CAMERI;45.53, 8.669;IT
ITM00016064;2018-01-04;0.0;;12.6;2.6;178.6;CAMERI;45.53, 8.669;IT
ITM00016064;2018-01-30;;;11.6;-2.2;178.6;CAMERI;45.53, 8.669;IT
ITM00016064;2018-03-12;3.0;;12.6;;178.6;CAMERI;45.53, 8.669;IT
ITM00016064;2018-04-16;0.0;;22.6;8.0;178.6;CAMERI;45.53, 8.669;IT
ITM00016064;2018-04-23;0.0;;26.0;11.2;178.6;CAMERI;45.53, 8.669;IT
ITM00016064;2018-05-03;41.0;;18.4;10.4;178.6;CAMERI;45.53, 8.669;IT
ITM00016064;2018-05-24;41.0;;26.2;13.6;178.6;CAMERI;45.53, 8.669;IT
ITM00016064;2018-06-08;10.0;;24.4;17.0;178.6;CAMERI;45.53, 8.669;IT
ITM00016064;2018-06-27;0.0;;29.2;15.0;178.6;CAMERI;45.53, 8.669;IT
ITM00016064;2018-08-01;0.0;;34.4;22.8;178.6;CAMERI;45.53, 8.669;IT
ITM00016064;2018-08-10;0.0;;;19.8;178.6;CAMERI;45.53, 8.669;IT
ITM00016064;2018-08-22;0.0;;32.6;;178.6;CAMERI;45.53, 8.669;IT
ITM00016064;2018-09-05;0.0;;28.2;14.6;178.6;CAMERI;45.53, 8.669;IT
ITM00016064;2018-11-27;0.0;;16.0;;178.6;CAMERI;45.53, 8.669;IT
ITM00016064;2018-12-04;10.0;;16.4;;178.6;CAMERI;45.53, 8.669;IT
ITM00016064;2018-01-15;;;5.4;-1.0;178.6;CAMERI;45.53, 8.669;IT
ITM00016064;2018-02-16;0.0;;7.2;-3.6;178.6;CAMERI;45.53, 8.669;IT
ITM00016064;2018-02-27;0.0;;1.2;;178.6;CAMERI;45.53, 8.669;IT
ITM00016064;2018-03-08;0.0;;;-2.4;178.6;CAMERI;45.53, 8.669;IT
ITM00016064;2018-03-19;20.0;;5.4;;178.6;CAMERI;45.53, 8.669;IT
ITM00016064;2018-04-04;211.0;;9.4;;178.6;CAMERI;45.53, 8.669;IT
ITM00016064;2018-06-15;0.0;;27.4;15.0;178.6;CAMERI;45.53, 8.669;IT
ITM00016064;2018-07-03;0.0;;32.0;21.0;178.6;CAMERI;45.53, 8.669;IT
ITM00016064;2018-07-09;0.0;;30.4;18.6;178.6;CAMERI;45.53, 8.669;IT
ITM00016064;2018-07-13;0.0;;;19.0;178.6;CAMERI;45.53, 8.669;IT
ITM00016064;2018-07-24;0.0;;32.0;19.6;178.6;CAMERI;45.53, 8.669;IT
ITM00016064;2018-08-08;0.0;;;19.8;178.6;CAMERI;45.53, 8.669;IT
ITM00016064;2018-09-04;0.0;;27.0;13.6;178.6;CAMERI;45.53, 8.669;IT
ITM00016064;2018-11-08;15.0;;;;178.6;CAMERI;45.53, 8.669;IT
ITM00016064;2018-02-07;;;9.6;;178.6;CAMERI;45.53, 8.669;IT
ITM00016064;2018-02-21;0.0;;10.8;;178.6;CAMERI;45.53, 8.669;IT
ITM00016064;2018-02-26;0.0;;0.8;-4.6;178.6;CAMERI;45.53, 8.669;IT
ITM00016064;2018-04-06;0.0;;19.4;4.8;178.6;CAMERI;45.53, 8.669;IT
ITM00016064;2018-04-12;330.0;;17.6;7.6;178.6;CAMERI;45.53, 8.669;IT
ITM00016064;2018-05-17;61.0;;;9.4;178.6;CAMERI;45.53, 8.669;IT
ITM00016064;2018-06-11;0.0;;27.6;16.8;178.6;CAMERI;45.53, 8.669;IT
ITM00016064;2018-06-12;51.0;;27.0;;178.6;CAMERI;45.53, 8.669;IT
ITM00016064;2018-06-13;18.0;;22.6;16.0;178.6;CAMERI;45.53, 8.669;IT
ITM00016064;2018-06-22;0.0;;32.0;19.6;178.6;CAMERI;45.53, 8.669;IT
ITM00016064;2018-07-11;89.0;;26.4;;178.6;CAMERI;45.53, 8.669;IT
ITM00016064;2018-07-20;0.0;;31.6;20.4;178.6;CAMERI;45.53, 8.669;IT
ITM00016064;2018-08-14;0.0;;28.2;;178.6;CAMERI;45.53, 8.669;IT
ITM00016064;2018-08-17;0.0;;30.2;19.4;178.6;CAMERI;45.53, 8.669;IT
ITM00016064;2018-09-14;51.0;;28.4;17.0;178.6;CAMERI;45.53, 8.669;IT
ITM00016064;2018-09-28;0.0;;26.2;;178.6;CAMERI;45.53, 8.669;IT
ITM00016064;2018-10-02;;;20.4;;178.6;CAMERI;45.53, 8.669;IT
ITM00016064;2018-10-05;0.0;;22.4;;178.6;CAMERI;45.53, 8.669;IT
ITM00016064;2018-10-10;0.0;;22.6;14.2;178.6;CAMERI;45.53, 8.669;IT
ITM00016064;2018-10-11;150.0;;15.4;;178.6;CAMERI;45.53, 8.669;IT
ITM00016064;2018-11-06;61.0;;16.4;13.0;178.6;CAMERI;45.53, 8.669;IT
ITM00016064;2018-11-30;0.0;;5.0;0.2;178.6;CAMERI;45.53, 8.669;IT
ITM00016064;2018-04-10;58.0;;;10.0;178.6;CAMERI;45.53, 8.669;IT
ITM00016064;2018-04-11;89.0;;13.0;7.2;178.6;CAMERI;45.53, 8.669;IT
ITM00016064;2018-05-09;109.0;;22.8;;178.6;CAMERI;45.53, 8.669;IT
ITM00016064;2018-05-16;0.0;;22.2;9.8;178.6;CAMERI;45.53, 8.669;IT
ITM00016064;2018-05-21;5.0;;23.0;13.4;178.6;CAMERI;45.53, 8.669;IT
ITM00016064;2018-05-23;3.0;;24.4;14.2;178.6;CAMERI;45.53, 8.669;IT
ITM00016064;2018-05-31;119.0;;;16.4;178.6;CAMERI;45.53, 8.669;IT
ITM00016064;2018-06-07;0.0;;;16.8;178.6;CAMERI;45.53, 8.669;IT
ITM00016064;2018-06-19;0.0;;30.4;17.8;178.6;CAMERI;45.53, 8.669;IT
ITM00016064;2018-06-25;0.0;;26.4;15.2;178.6;CAMERI;45.53, 8.669;IT
ITM00016064;2018-06-28;0.0;;28.2;15.2;178.6;CAMERI;45.53, 8.669;IT
ITM00016064;2018-08-02;;;;19.6;178.6;CAMERI;45.53, 8.669;IT
ITM00016064;2018-08-21;0.0;;;;178.6;CAMERI;45.53, 8.669;IT
ITM00016064;2018-09-12;;;;18.8;178.6;CAMERI;45.53, 8.669;IT
ITM00016064;2018-09-27;0.0;;23.6;5.8;178.6;CAMERI;45.53, 8.669;IT
ITM00016064;2018-10-18;0.0;;24.4;;178.6;CAMERI;45.53, 8.669;IT
ITM00016064;2018-11-12;33.0;;;;178.6;CAMERI;45.53, 8.669;IT
ITM00016064;2018-12-24;0.0;;;-3.0;178.6;CAMERI;45.53, 8.669;IT
ITM00016064;2018-01-09;89.0;;10.6;;178.6;CAMERI;45.53, 8.669;IT
ITM00016064;2018-01-10;0.0;;11.0;6.0;178.6;CAMERI;45.53, 8.669;IT
ITM00016064;2018-01-12;0.0;;11.0;1.0;178.6;CAMERI;45.53, 8.669;IT
ITM00016064;2018-01-24;;;10.2;;178.6;CAMERI;45.53, 8.669;IT
ITM00016064;2018-01-31;;;7.0;4.6;178.6;CAMERI;45.53, 8.669;IT
ITM00016064;2018-02-19;0.0;;7.2;3.0;178.6;CAMERI;45.53, 8.669;IT
ITM00016064;2018-03-13;0.0;;17.2;1.8;178.6;CAMERI;45.53, 8.669;IT
ITM00016064;2018-03-22;0.0;;9.8;;178.6;CAMERI;45.53, 8.669;IT
ITM00016064;2018-03-30;51.0;;16.4;9.6;178.6;CAMERI;45.53, 8.669;IT
ITM00016064;2018-04-09;89.0;;14.4;;178.6;CAMERI;45.53, 8.669;IT
ITM00016064;2018-04-17;0.0;;24.0;10.2;178.6;CAMERI;45.53, 8.669;IT
ITM00016064;2018-06-26;0.0;;27.0;15.6;178.6;CAMERI;45.53, 8.669;IT
ITM00016064;2018-07-16;0.0;;27.2;20.2;178.6;CAMERI;45.53, 8.669;IT
ITM00016064;2018-10-26;3.0;;;11.2;178.6;CAMERI;45.53, 8.669;IT
ITM00016064;2018-12-06;0.0;;12.2;4.8;178.6;CAMERI;45.53, 8.669;IT
ITM00016064;2018-12-07;0.0;;11.2;;178.6;CAMERI;45.53, 8.669;IT
ITM00016064;2018-12-13;0.0;;6.4;0.8;178.6;CAMERI;45.53, 8.669;IT
ITM00016064;2018-12-21;0.0;;2.4;;178.6;CAMERI;45.53, 8.669;IT
ITM00016064;2018-12-31;0.0;;12.4;-1.8;178.6;CAMERI;45.53, 8.669;IT
ITM00016064;2018-01-18;;;11.6;;178.6;CAMERI;45.53, 8.669;IT
ITM00016064;2018-03-06;5.0;;;3.8;178.6;CAMERI;45.53, 8.669;IT
ITM00016064;2018-03-27;0.0;;17.2;3.6;178.6;CAMERI;45.53, 8.669;IT
ITM00016064;2018-04-03;5.0;;13.0;;178.6;CAMERI;45.53, 8.669;IT
ITM00016064;2018-04-19;0.0;;24.4;10.8;178.6;CAMERI;45.53, 8.669;IT
ITM00016064;2018-04-20;0.0;;;10.6;178.6;CAMERI;45.53, 8.669;IT
ITM00016064;2018-06-01;0.0;;;14.8;178.6;CAMERI;45.53, 8.669;IT
ITM00016064;2018-02-22;5.0;;6.2;1.0;178.6;CAMERI;45.53, 8.669;IT
ITM00016064;2018-07-02;0.0;;30.0;;178.6;CAMERI;45.53, 8.669;IT
ITM00016064;2018-03-01;23.0;;0.2;;178.6;CAMERI;45.53, 8.669;IT
ITM00016064;2018-07-18;0.0;;32.4;16.8;178.6;CAMERI;45.53, 8.669;IT
ITM00016064;2018-03-14;0.0;;17.6;;178.6;CAMERI;45.53, 8.669;IT
ITM00016064;2018-08-24;41.0;;30.2;;178.6;CAMERI;45.53, 8.669;IT
ITM00016064;2018-03-16;61.0;;15.0;;178.6;CAMERI;45.53, 8.669;IT
ITM00016064;2018-09-10;0.0;;29.2;17.2;178.6;CAMERI;45.53, 8.669;IT
ITM00016064;2018-05-11;0.0;;25.4;13.6;178.6;CAMERI;45.53, 8.669;IT
ITM00016064;2018-09-13;0.0;;29.6;;178.6;CAMERI;45.53, 8.669;IT
ITM00016064;2018-05-28;71.0;;25.2;;178.6;CAMERI;45.53, 8.669;IT
ITM00016064;2018-09-19;0.0;;28.4;;178.6;CAMERI;45.53, 8.669;IT
ITM00016064;2018-06-29;0.0;;30.4;16.4;178.6;CAMERI;45.53, 8.669;IT
ITM00016064;2018-07-12;0.0;;;17.6;178.6;CAMERI;45.53, 8.669;IT
ITM00016064;2018-07-25;0.0;;32.0;21.0;178.6;CAMERI;45.53, 8.669;IT
ITM00016064;2018-08-16;;;30.4;18.8;178.6;CAMERI;45.53, 8.669;IT
ITM00016064;2018-08-23;0.0;;32.2;19.8;178.6;CAMERI;45.53, 8.669;IT
ITM00016064;2018-01-05;0.0;;5.4;-0.6;178.6;CAMERI;45.53, 8.669;IT
ITM00016064;2018-01-17;;;10.8;-2.4;178.6;CAMERI;45.53, 8.669;IT
ITM00016064;2018-01-25;;;;2.4;178.6;CAMERI;45.53, 8.669;IT
ITM00016064;2018-02-01;;;6.6;;178.6;CAMERI;45.53, 8.669;IT
ITM00016064;2018-03-26;0.0;;15.4;-0.6;178.6;CAMERI;45.53, 8.669;IT
ITM00016064;2018-04-05;3.0;;17.6;7.8;178.6;CAMERI;45.53, 8.669;IT
ITM00016064;2018-04-18;0.0;;25.2;12.6;178.6;CAMERI;45.53, 8.669;IT
ITM00016064;2018-05-07;30.0;;24.2;15.8;178.6;CAMERI;45.53, 8.669;IT
ITM00016064;2018-06-04;20.0;;24.4;18.8;178.6;CAMERI;45.53, 8.669;IT
ITM00016064;2018-06-20;0.0;;31.0;21.0;178.6;CAMERI;45.53, 8.669;IT
ITM00016064;2018-07-10;0.0;;;20.8;178.6;CAMERI;45.53, 8.669;IT
ITM00016064;2018-09-06;0.0;;27.8;16.6;178.6;CAMERI;45.53, 8.669;IT
ITM00016064;2018-09-26;;;19.4;;178.6;CAMERI;45.53, 8.669;IT
ITM00016064;2018-10-04;0.0;;24.2;9.8;178.6;CAMERI;45.53, 8.669;IT
ITM00016064;2018-10-12;5.0;;23.0;;178.6;CAMERI;45.53, 8.669;IT
ITM00016064;2018-10-17;0.0;;20.2;;178.6;CAMERI;45.53, 8.669;IT
ITM00016064;2018-10-25;0.0;;;11.0;178.6;CAMERI;45.53, 8.669;IT
ITM00016064;2018-10-29;;;15.2;;178.6;CAMERI;45.53, 8.669;IT
ITM00016064;2018-11-26;43.0;;10.4;;178.6;CAMERI;45.53, 8.669;IT
ITM00016064;2018-12-12;0.0;;8.6;-2.0;178.6;CAMERI;45.53, 8.669;IT
ITM00016064;2018-01-03;3.0;;6.4;;178.6;CAMERI;45.53, 8.669;IT
ITM00016064;2018-01-11;0.0;;;;178.6;CAMERI;45.53, 8.669;IT
ITM00016064;2018-02-06;;;4.6;;178.6;CAMERI;45.53, 8.669;IT
ITM00016064;2018-02-13;0.0;;8.4;;178.6;CAMERI;45.53, 8.669;IT
ITM00016064;2018-03-05;3.0;;;1.6;178.6;CAMERI;45.53, 8.669;IT
ITM00016064;2018-03-09;0.0;;15.4;2.4;178.6;CAMERI;45.53, 8.669;IT
ITM00016064;2018-05-15;;;17.6;8.4;178.6;CAMERI;45.53, 8.669;IT
ITM00016064;2018-05-30;3.0;;25.4;16.6;178.6;CAMERI;45.53, 8.669;IT
ITM00016064;2018-08-09;150.0;;31.4;;178.6;CAMERI;45.53, 8.669;IT
ITM00016064;2018-08-27;0.0;;25.4;13.0;178.6;CAMERI;45.53, 8.669;IT
ITM00016064;2018-01-02;0.0;;;;178.6;CAMERI;45.53, 8.669;IT
ITM00016064;2018-03-07;0.0;;9.6;4.6;178.6;CAMERI;45.53, 8.669;IT
ITM00016064;2018-04-27;0.0;;20.4;13.4;178.6;CAMERI;45.53, 8.669;IT
ITM00016064;2018-08-03;0.0;;33.6;;178.6;CAMERI;45.53, 8.669;IT
ITM00016064;2018-08-06;0.0;;34.2;23.6;178.6;CAMERI;45.53, 8.669;IT
ITM00016064;2018-08-28;0.0;;;13.8;178.6;CAMERI;45.53, 8.669;IT
ITM00016064;2018-09-11;0.0;;30.2;18.4;178.6;CAMERI;45.53, 8.669;IT
ITM00016064;2018-10-03;0.0;;21.6;6.0;178.6;CAMERI;45.53, 8.669;IT
ITM00016064;2018-11-29;0.0;;9.0;1.0;178.6;CAMERI;45.53, 8.669;IT
ITM00016064;2018-12-14;0.0;;6.4;;178.6;CAMERI;45.53, 8.669;IT
ITM00016064;2018-12-18;0.0;;-0.4;-4.4;178.6;CAMERI;45.53, 8.669;IT
ITM00016064;2018-12-27;0.0;;6.2;-6.6;178.6;CAMERI;45.53, 8.669;IT
ITM00016064;2019-01-07;0.0;;8.4;;178.6;CAMERI;45.53, 8.669;IT
ITM00016064;2019-01-16;0.0;;;;178.6;CAMERI;45.53, 8.669;IT
ITM00016064;2019-01-25;;;7.2;;178.6;CAMERI;45.53, 8.669;IT
ITM00016064;2019-03-04;0.0;;9.6;1.6;178.6;CAMERI;45.53, 8.669;IT
ITM00016064;2019-04-16;0.0;;18.8;7.6;178.6;CAMERI;45.53, 8.669;IT
ITM00016064;2019-05-08;99.0;;11.4;;178.6;CAMERI;45.53, 8.669;IT
ITM00016064;2019-06-04;0.0;;30.0;16.8;178.6;CAMERI;45.53, 8.669;IT
ITM00016064;2019-06-26;0.0;;34.0;22.6;178.6;CAMERI;45.53, 8.669;IT
ITM00016064;2019-07-11;0.0;;26.6;19.6;178.6;CAMERI;45.53, 8.669;IT
ITM00016064;2019-11-18;;;8.4;4.0;178.6;CAMERI;45.53, 8.669;IT
ITM00016064;2019-01-08;0.0;;7.4;-4.0;178.6;CAMERI;45.53, 8.669;IT
ITM00016064;2019-01-11;0.0;;8.6;-3.4;178.6;CAMERI;45.53, 8.669;IT
ITM00016064;2019-01-17;0.0;;;4.4;178.6;CAMERI;45.53, 8.669;IT
ITM00016064;2019-01-30;;;5.4;-1.6;178.6;CAMERI;45.53, 8.669;IT
ITM00016064;2019-03-19;0.0;;14.0;;178.6;CAMERI;45.53, 8.669;IT
ITM00016064;2019-03-25;0.0;;23.4;2.8;178.6;CAMERI;45.53, 8.669;IT
ITM00016064;2019-03-27;0.0;;15.2;2.0;178.6;CAMERI;45.53, 8.669;IT
ITM00016064;2019-04-11;5.0;;13.0;8.8;178.6;CAMERI;45.53, 8.669;IT
ITM00016064;2019-05-02;10.0;;20.2;6.8;178.6;CAMERI;45.53, 8.669;IT
ITM00016064;2019-06-10;10.0;;26.6;17.6;178.6;CAMERI;45.53, 8.669;IT
ITM00016064;2019-06-12;5.0;;27.2;18.0;178.6;CAMERI;45.53, 8.669;IT
ITM00016064;2019-07-25;0.0;;35.0;;178.6;CAMERI;45.53, 8.669;IT
ITM00016064;2019-08-28;119.0;;23.0;;178.6;CAMERI;45.53, 8.669;IT
ITM00016064;2019-09-10;0.0;;21.2;12.4;178.6;CAMERI;45.53, 8.669;IT
ITM00016064;2019-09-27;0.0;;24.2;15.2;178.6;CAMERI;45.53, 8.669;IT
ITM00016064;2019-10-04;0.0;;18.2;;178.6;CAMERI;45.53, 8.669;IT
ITM00016064;2019-10-16;119.0;;;7.0;178.6;CAMERI;45.53, 8.669;IT
ITM00016064;2019-11-13;0.0;;15.2;;178.6;CAMERI;45.53, 8.669;IT
ITM00016064;2019-11-15;140.0;;9.2;;178.6;CAMERI;45.53, 8.669;IT
ITM00016064;2019-12-31;0.0;;8.4;;178.6;CAMERI;45.53, 8.669;IT
ITM00016064;2019-02-20;0.0;;;;178.6;CAMERI;45.53, 8.669;IT
ITM00016064;2019-03-22;0.0;;;-0.2;178.6;CAMERI;45.53, 8.669;IT
ITM00016064;2019-04-09;0.0;;19.6;4.6;178.6;CAMERI;45.53, 8.669;IT
ITM00016064;2019-04-15;5.0;;;5.4;178.6;CAMERI;45.53, 8.669;IT
ITM00016064;2019-04-24;140.0;;17.0;;178.6;CAMERI;45.53, 8.669;IT
ITM00016064;2019-04-29;0.0;;16.0;4.8;178.6;CAMERI;45.53, 8.669;IT
ITM00016064;2019-05-13;0.0;;22.2;13.0;178.6;CAMERI;45.53, 8.669;IT
ITM00016064;2019-09-12;0.0;;28.2;13.0;178.6;CAMERI;45.53, 8.669;IT
ITM00016064;2019-09-17;0.0;;29.4;;178.6;CAMERI;45.53, 8.669;IT
ITM00016064;2019-09-19;160.0;;21.0;;178.6;CAMERI;45.53, 8.669;IT
ITM00016064;2019-11-06;23.0;;12.6;6.8;178.6;CAMERI;45.53, 8.669;IT
ITM00016064;2019-12-13;;;4.2;;178.6;CAMERI;45.53, 8.669;IT
ITM00016064;2019-02-01;109.0;;1.0;;178.6;CAMERI;45.53, 8.669;IT
ITM00016064;2019-02-19;0.0;;14.2;-2.6;178.6;CAMERI;45.53, 8.669;IT
ITM00016064;2019-03-28;0.0;;15.4;1.6;178.6;CAMERI;45.53, 8.669;IT
ITM00016064;2019-05-14;0.0;;20.0;6.0;178.6;CAMERI;45.53, 8.669;IT
ITM00016064;2019-05-15;0.0;;16.4;2.6;178.6;CAMERI;45.53, 8.669;IT
ITM00016064;2019-05-30;0.0;;24.2;9.2;178.6;CAMERI;45.53, 8.669;IT
ITM00016064;2019-06-07;3.0;;25.6;12.8;178.6;CAMERI;45.53, 8.669;IT
ITM00016064;2019-06-18;20.0;;30.8;;178.6;CAMERI;45.53, 8.669;IT
ITM00016064;2019-06-28;0.0;;36.2;20.6;178.6;CAMERI;45.53, 8.669;IT
ITM00016064;2019-07-01;0.0;;33.6;22.8;178.6;CAMERI;45.53, 8.669;IT
ITM00016064;2019-07-31;0.0;;30.4;19.2;178.6;CAMERI;45.53, 8.669;IT
ITM00016064;2019-09-03;0.0;;;16.8;178.6;CAMERI;45.53, 8.669;IT
ITM00016064;2019-10-17;0.0;;20.0;10.4;178.6;CAMERI;45.53, 8.669;IT
ITM00016064;2019-10-21;221.0;;;;178.6;CAMERI;45.53, 8.669;IT
ITM00016064;2019-10-30;0.0;;;;178.6;CAMERI;45.53, 8.669;IT
ITM00016064;2019-11-20;61.0;;12.2;7.6;178.6;CAMERI;45.53, 8.669;IT
ITM00016064;2019-02-05;0.0;;10.4;-3.0;178.6;CAMERI;45.53, 8.669;IT
ITM00016064;2019-02-27;0.0;;21.4;-0.2;178.6;CAMERI;45.53, 8.669;IT
ITM00016064;2019-04-03;5.0;;;6.0;178.6;CAMERI;45.53, 8.669;IT
ITM00016064;2019-05-07;0.0;;;3.2;178.6;CAMERI;45.53, 8.669;IT
ITM00016064;2019-06-14;0.0;;29.4;15.6;178.6;CAMERI;45.53, 8.669;IT
ITM00016064;2019-08-12;30.0;;29.4;;178.6;CAMERI;45.53, 8.669;IT
ITM00016064;2019-10-02;;;;15.0;178.6;CAMERI;45.53, 8.669;IT
ITM00016064;2019-10-07;71.0;;21.4;;178.6;CAMERI;45.53, 8.669;IT
ITM00016064;2019-10-22;3.0;;22.2;15.4;178.6;CAMERI;45.53, 8.669;IT
ITM00016064;2019-11-19;310.0;;;;178.6;CAMERI;45.53, 8.669;IT
ITM00016064;2019-12-27;0.0;;9.6;-2.6;178.6;CAMERI;45.53, 8.669;IT
ITM00016064;2019-02-13;0.0;;12.4;;178.6;CAMERI;45.53, 8.669;IT
ITM00016064;2019-03-01;0.0;;19.2;-1.4;178.6;CAMERI;45.53, 8.669;IT
ITM00016064;2019-03-21;0.0;;;-0.6;178.6;CAMERI;45.53, 8.669;IT
ITM00016064;2019-04-01;0.0;;22.2;4.6;178.6;CAMERI;45.53, 8.669;IT
ITM00016064;2019-04-26;20.0;;17.8;12.8;178.6;CAMERI;45.53, 8.669;IT
ITM00016064;2019-05-03;99.0;;;9.6;178.6;CAMERI;45.53, 8.669;IT
ITM00016064;2019-07-18;0.0;;29.0;16.4;178.6;CAMERI;45.53, 8.669;IT
ITM00016064;2019-07-23;0.0;;33.4;20.8;178.6;CAMERI;45.53, 8.669;IT
ITM00016064;2019-07-30;0.0;;32.0;17.6;178.6;CAMERI;45.53, 8.669;IT
ITM00016064;2019-09-02;61.0;;;18.8;178.6;CAMERI;45.53, 8.669;IT
ITM00016064;2019-09-18;;;26.4;;178.6;CAMERI;45.53, 8.669;IT
ITM00016064;2019-10-29;;;17.6;13.6;178.6;CAMERI;45.53, 8.669;IT
ITM00016064;2019-11-21;3.0;;12.4;8.8;178.6;CAMERI;45.53, 8.669;IT
ITM00016064;2019-11-27;211.0;;10.4;6.0;178.6;CAMERI;45.53, 8.669;IT
ITM00016064;2019-11-29;0.0;;13.4;0.4;178.6;CAMERI;45.53, 8.669;IT
ITM00016064;2019-12-24;0.0;;13.0;;178.6;CAMERI;45.53, 8.669;IT
ITM00016064;2019-02-18;0.0;;15.4;-2.0;178.6;CAMERI;45.53, 8.669;IT
ITM00016064;2019-03-13;;;;-0.4;178.6;CAMERI;45.53, 8.669;IT
ITM00016064;2019-03-14;0.0;;16.2;-2.0;178.6;CAMERI;45.53, 8.669;IT
ITM00016064;2019-05-09;51.0;;;8.0;178.6;CAMERI;45.53, 8.669;IT
ITM00016064;2019-05-20;15.0;;17.4;;178.6;CAMERI;45.53, 8.669;IT
ITM00016064;2019-07-08;0.0;;32.4;17.2;178.6;CAMERI;45.53, 8.669;IT
ITM00016064;2019-07-15;290.0;;24.0;15.0;178.6;CAMERI;45.53, 8.669;IT
ITM00016064;2019-08-01;5.0;;30.6;19.2;178.6;CAMERI;45.53, 8.669;IT
ITM00016064;2019-08-08;;;30.2;17.6;178.6;CAMERI;45.53, 8.669;IT
ITM00016064;2019-09-08;;;22.4;;178.6;CAMERI;45.53, 8.669;IT
ITM00016064;2019-09-13;0.0;;28.4;16.0;178.6;CAMERI;45.53, 8.669;IT
ITM00016064;2019-09-20;0.0;;21.0;;178.6;CAMERI;45.53, 8.669;IT
ITM00016064;2019-09-25;0.0;;25.0;11.4;178.6;CAMERI;45.53, 8.669;IT
ITM00016064;2019-10-03;3.0;;23.4;14.6;178.6;CAMERI;45.53, 8.669;IT
ITM00016064;2019-10-09;;;;11.6;178.6;CAMERI;45.53, 8.669;IT
ITM00016064;2019-10-12;;;;8.4;178.6;CAMERI;45.53, 8.669;IT
ITM00016064;2019-10-14;0.0;;20.6;;178.6;CAMERI;45.53, 8.669;IT
ITM00016064;2019-11-08;409.0;;10.2;;178.6;CAMERI;45.53, 8.669;IT
ITM00016064;2019-12-19;119.0;;10.2;;178.6;CAMERI;45.53, 8.669;IT
ITM00016064;2019-02-08;0.0;;12.2;;178.6;CAMERI;45.53, 8.669;IT
ITM00016064;2019-03-05;0.0;;17.4;-0.4;178.6;CAMERI;45.53, 8.669;IT
ITM00016064;2019-03-15;0.0;;20.0;5.4;178.6;CAMERI;45.53, 8.669;IT
ITM00016064;2019-05-22;0.0;;25.2;9.0;178.6;CAMERI;45.53, 8.669;IT
ITM00016064;2019-05-28;5.0;;20.4;13.4;178.6;CAMERI;45.53, 8.669;IT
ITM00016064;2019-06-24;0.0;;31.6;17.8;178.6;CAMERI;45.53, 8.669;IT
ITM00016064;2019-07-10;0.0;;28.6;19.4;178.6;CAMERI;45.53, 8.669;IT
ITM00016064;2019-08-05;0.0;;31.4;19.4;178.6;CAMERI;45.53, 8.669;IT
ITM00016064;2019-08-30;0.0;;;;178.6;CAMERI;45.53, 8.669;IT
ITM00016064;2019-10-11;0.0;;20.0;8.4;178.6;CAMERI;45.53, 8.669;IT
ITM00016064;2019-12-04;0.0;;8.4;;178.6;CAMERI;45.53, 8.669;IT
ITM00016064;2019-12-23;0.0;;15.4;;178.6;CAMERI;45.53, 8.669;IT
ITM00016064;2019-01-29;0.0;;10.0;-4.6;178.6;CAMERI;45.53, 8.669;IT
ITM00016064;2019-03-18;61.0;;;-2.4;178.6;CAMERI;45.53, 8.669;IT
ITM00016064;2019-03-26;0.0;;17.4;;178.6;CAMERI;45.53, 8.669;IT
ITM00016064;2019-04-04;500.0;;12.8;;178.6;CAMERI;45.53, 8.669;IT
ITM00016064;2019-04-08;3.0;;;2.2;178.6;CAMERI;45.53, 8.669;IT
ITM00016064;2019-05-10;0.0;;;9.0;178.6;CAMERI;45.53, 8.669;IT
ITM00016064;2019-06-03;;;;14.6;178.6;CAMERI;45.53, 8.669;IT
ITM00016064;2019-06-11;10.0;;25.2;16.6;178.6;CAMERI;45.53, 8.669;IT
ITM00016064;2019-06-21;5.0;;29.4;16.6;178.6;CAMERI;45.53, 8.669;IT
ITM00016064;2019-07-04;0.0;;30.8;17.0;178.6;CAMERI;45.53, 8.669;IT
ITM00016064;2019-07-12;0.0;;29.6;17.8;178.6;CAMERI;45.53, 8.669;IT
ITM00016064;2019-07-26;0.0;;33.6;;178.6;CAMERI;45.53, 8.669;IT
ITM00016064;2019-08-21;8.0;;31.4;19.4;178.6;CAMERI;45.53, 8.669;IT
ITM00016064;2019-09-24;0.0;;23.6;10.0;178.6;CAMERI;45.53, 8.669;IT
ITM00016064;2019-10-25;3.0;;21.2;;178.6;CAMERI;45.53, 8.669;IT
ITM00016064;2019-10-31;0.0;;13.2;;178.6;CAMERI;45.53, 8.669;IT
ITM00016064;2019-11-25;10.0;;18.0;9.4;178.6;CAMERI;45.53, 8.669;IT
ITM00016064;2019-11-26;0.0;;13.4;4.0;178.6;CAMERI;45.53, 8.669;IT
ITM00016064;2019-12-02;61.0;;;;178.6;CAMERI;45.53, 8.669;IT
ITM00016064;2019-12-11;0.0;;;;178.6;CAMERI;45.53, 8.669;IT
ITM00016064;2019-12-30;0.0;;6.4;-1.0;178.6;CAMERI;45.53, 8.669;IT
ITM00016064;2019-02-11;0.0;;;-1.2;178.6;CAMERI;45.53, 8.669;IT
ITM00016064;2019-02-12;0.0;;14.4;;178.6;CAMERI;45.53, 8.669;IT
ITM00016064;2019-02-14;0.0;;13.4;-3.4;178.6;CAMERI;45.53, 8.669;IT
ITM00016064;2019-02-21;0.0;;14.6;-1.4;178.6;CAMERI;45.53, 8.669;IT
ITM00016064;2019-04-12;;;16.4;10.0;178.6;CAMERI;45.53, 8.669;IT
ITM00016064;2019-07-29;0.0;;;17.8;178.6;CAMERI;45.53, 8.669;IT
ITM00016064;2019-08-09;0.0;;32.0;20.8;178.6;CAMERI;45.53, 8.669;IT
ITM00016064;2019-08-27;0.0;;30.8;20.0;178.6;CAMERI;45.53, 8.669;IT
ITM00016064;2019-09-26;;;24.0;13.4;178.6;CAMERI;45.53, 8.669;IT
ITM00016064;2019-10-18;0.0;;18.4;10.6;178.6;CAMERI;45.53, 8.669;IT
ITM00016064;2019-11-28;0.0;;13.0;6.8;178.6;CAMERI;45.53, 8.669;IT
ITM00016064;2019-01-09;0.0;;10.2;;178.6;CAMERI;45.53, 8.669;IT
ITM00016064;2019-01-24;;;5.8;;178.6;CAMERI;45.53, 8.669;IT
ITM00016064;2019-02-06;0.0;;12.4;;178.6;CAMERI;45.53, 8.669;IT
ITM00016064;2019-02-15;0.0;;15.4;-2.2;178.6;CAMERI;45.53, 8.669;IT
ITM00016064;2019-02-25;0.0;;15.2;;178.6;CAMERI;45.53, 8.669;IT
ITM00016064;2019-03-20;0.0;;14.2;;178.6;CAMERI;45.53, 8.669;IT
ITM00016064;2019-04-02;0.0;;;8.4;178.6;CAMERI;45.53, 8.669;IT
ITM00016064;2019-04-19;0.0;;21.0;8.4;178.6;CAMERI;45.53, 8.669;IT
ITM00016064;2019-04-23;340.0;;;10.6;178.6;CAMERI;45.53, 8.669;IT
ITM00016064;2019-05-21;0.0;;23.4;7.0;178.6;CAMERI;45.53, 8.669;IT
ITM00016064;2019-08-02;3.0;;28.8;;178.6;CAMERI;45.53, 8.669;IT
ITM00016064;2019-08-06;0.0;;30.4;20.0;178.6;CAMERI;45.53, 8.669;IT
ITM00016064;2019-08-16;0.0;;28.4;17.2;178.6;CAMERI;45.53, 8.669;IT
ITM00016064;2019-08-20;3.0;;27.6;21.0;178.6;CAMERI;45.53, 8.669;IT
ITM00016064;2019-08-23;20.0;;28.6;18.2;178.6;CAMERI;45.53, 8.669;IT
ITM00016064;2019-09-06;89.0;;19.4;12.8;178.6;CAMERI;45.53, 8.669;IT
ITM00016064;2019-12-05;0.0;;8.4;-3.0;178.6;CAMERI;45.53, 8.669;IT
ITM00016064;2019-12-06;0.0;;7.2;;178.6;CAMERI;45.53, 8.669;IT
ITM00016064;2019-12-09;0.0;;;;178.6;CAMERI;45.53, 8.669;IT
ITM00016064;2019-01-02;0.0;;13.6;-3.6;178.6;CAMERI;45.53, 8.669;IT
ITM00016064;2019-01-03;0.0;;10.2;;178.6;CAMERI;45.53, 8.669;IT
ITM00016064;2019-01-04;0.0;;5.0;;178.6;CAMERI;45.53, 8.669;IT
ITM00016064;2019-01-10;0.0;;11.4;0.8;178.6;CAMERI;45.53, 8.669;IT
ITM00016064;2019-01-23;;;1.2;-7.4;178.6;CAMERI;45.53, 8.669;IT
ITM00016064;2019-02-07;0.0;;7.2;-3.4;178.6;CAMERI;45.53, 8.669;IT
ITM00016064;2019-02-22;0.0;;22.4;0.2;178.6;CAMERI;45.53, 8.669;IT
ITM00016064;2019-07-19;0.0;;29.6;18.6;178.6;CAMERI;45.53, 8.669;IT
ITM00016064;2019-08-26;0.0;;31.4;19.8;178.6;CAMERI;45.53, 8.669;IT
ITM00016064;2019-09-11;0.0;;;12.0;178.6;CAMERI;45.53, 8.669;IT
ITM00016064;2019-10-28;0.0;;19.4;11.0;178.6;CAMERI;45.53, 8.669;IT
ITM00016064;2019-11-04;5.0;;16.4;;178.6;CAMERI;45.53, 8.669;IT
ITM00016064;2019-11-11;51.0;;9.4;3.0;178.6;CAMERI;45.53, 8.669;IT
ITM00016064;2019-11-14;10.0;;;0.8;178.6;CAMERI;45.53, 8.669;IT
ITM00016064;2019-12-12;0.0;;4.2;;178.6;CAMERI;45.53, 8.669;IT
ITM00016064;2019-01-14;0.0;;15.4;-2.2;178.6;CAMERI;45.53, 8.669;IT
ITM00016064;2019-01-18;0.0;;12.0;;178.6;CAMERI;45.53, 8.669;IT
ITM00016064;2019-01-21;0.0;;8.4;;178.6;CAMERI;45.53, 8.669;IT
ITM00016064;2019-01-28;0.0;;11.4;;178.6;CAMERI;45.53, 8.669;IT
ITM00016064;2019-03-07;191.0;;11.2;;178.6;CAMERI;45.53, 8.669;IT
ITM00016064;2019-04-17;0.0;;21.2;5.8;178.6;CAMERI;45.53, 8.669;IT
ITM00016064;2019-04-30;0.0;;22.2;4.6;178.6;CAMERI;45.53, 8.669;IT
ITM00016064;2019-05-27;119.0;;;;178.6;CAMERI;45.53, 8.669;IT
ITM00016064;2019-06-19;0.0;;;18.8;178.6;CAMERI;45.53, 8.669;IT
ITM00016064;2019-06-20;0.0;;28.2;15.6;178.6;CAMERI;45.53, 8.669;IT
ITM00016064;2019-06-27;0.0;;;23.4;178.6;CAMERI;45.53, 8.669;IT
ITM00016064;2019-07-05;0.0;;33.2;20.2;178.6;CAMERI;45.53, 8.669;IT
ITM00016064;2019-07-17;0.0;;29.4;16.6;178.6;CAMERI;45.53, 8.669;IT
ITM00016064;2019-08-19;5.0;;29.4;19.8;178.6;CAMERI;45.53, 8.669;IT
ITM00016064;2019-08-29;0.0;;30.4;16.4;178.6;CAMERI;45.53, 8.669;IT
ITM00016064;2019-11-05;10.0;;17.0;;178.6;CAMERI;45.53, 8.669;IT
ITM00016064;2019-12-10;0.0;;13.4;1.0;178.6;CAMERI;45.53, 8.669;IT
ITM00016064;2019-12-20;269.0;;10.0;9.0;178.6;CAMERI;45.53, 8.669;IT
ITM00016064;2019-01-15;0.0;;12.6;-1.4;178.6;CAMERI;45.53, 8.669;IT
ITM00016064;2019-02-28;0.0;;19.4;;178.6;CAMERI;45.53, 8.669;IT
ITM00016064;2019-03-11;0.0;;17.0;2.6;178.6;CAMERI;45.53, 8.669;IT
ITM00016064;2019-03-12;0.0;;14.0;;178.6;CAMERI;45.53, 8.669;IT
ITM00016064;2019-04-10;5.0;;18.6;;178.6;CAMERI;45.53, 8.669;IT
ITM00016064;2019-05-06;0.0;;18.2;1.2;178.6;CAMERI;45.53, 8.669;IT
ITM00016064;2019-06-13;0.0;;27.2;10.6;178.6;CAMERI;45.53, 8.669;IT
ITM00016064;2019-07-16;0.0;;;15.0;178.6;CAMERI;45.53, 8.669;IT
ITM00016064;2019-10-15;594.0;;17.6;15.0;178.6;CAMERI;45.53, 8.669;IT
ITM00016064;2019-01-22;0.0;;;;178.6;CAMERI;45.53, 8.669;IT
ITM00016064;2019-02-04;0.0;;11.4;;178.6;CAMERI;45.53, 8.669;IT
ITM00016064;2019-02-26;0.0;;;-0.4;178.6;CAMERI;45.53, 8.669;IT
ITM00016064;2019-05-29;0.0;;21.2;12.0;178.6;CAMERI;45.53, 8.669;IT
ITM00016064;2019-06-05;0.0;;28.2;15.2;178.6;CAMERI;45.53, 8.669;IT
ITM00016064;2019-06-25;0.0;;;19.8;178.6;CAMERI;45.53, 8.669;IT
ITM00016064;2019-07-02;0.0;;;19.8;178.6;CAMERI;45.53, 8.669;IT
ITM00016064;2019-07-03;0.0;;32.6;21.0;178.6;CAMERI;45.53, 8.669;IT
ITM00016064;2019-07-22;0.0;;32.0;20.2;178.6;CAMERI;45.53, 8.669;IT
ITM00016064;2019-08-22;5.0;;29.4;21.0;178.6;CAMERI;45.53, 8.669;IT
ITM00016064;2019-09-04;0.0;;27.0;;178.6;CAMERI;45.53, 8.669;IT
ITM00016064;2019-09-09;0.0;;24.0;7.8;178.6;CAMERI;45.53, 8.669;IT
ITM00016064;2019-10-01;0.0;;25.4;13.8;178.6;CAMERI;45.53, 8.669;IT
ITM00016064;2019-10-08;0.0;;19.4;9.8;178.6;CAMERI;45.53, 8.669;IT
ITM00016064;2019-10-10;0.0;;;9.0;178.6;CAMERI;45.53, 8.669;IT
ITM00016064;2019-11-22;180.0;;9.2;;178.6;CAMERI;45.53, 8.669;IT
ITM00016064;2019-12-18;61.0;;;;178.6;CAMERI;45.53, 8.669;IT
ITM00016064;2019-01-31;0.0;;4.2;-4.2;178.6;CAMERI;45.53, 8.669;IT
ITM00016064;2019-03-06;3.0;;11.0;2.6;178.6;CAMERI;45.53, 8.669;IT
ITM00016064;2019-03-08;0.0;;16.6;2.6;178.6;CAMERI;45.53, 8.669;IT
ITM00016064;2019-03-29;0.0;;18.2;3.0;178.6;CAMERI;45.53, 8.669;IT
ITM00016064;2019-04-05;0.0;;16.2;;178.6;CAMERI;45.53, 8.669;IT
ITM00016064;2019-04-18;0.0;;21.2;;178.6;CAMERI;45.53, 8.669;IT
ITM00016064;2019-05-23;8.0;;;11.6;178.6;CAMERI;45.53, 8.669;IT
ITM00016064;2019-05-24;0.0;;25.6;;178.6;CAMERI;45.53, 8.669;IT
ITM00016064;2019-05-31;0.0;;24.0;11.4;178.6;CAMERI;45.53, 8.669;IT
ITM00016064;2019-06-06;10.0;;24.4;14.0;178.6;CAMERI;45.53, 8.669;IT
ITM00016064;2019-06-17;0.0;;31.0;14.8;178.6;CAMERI;45.53, 8.669;IT
ITM00016064;2019-07-09;0.0;;29.6;21.4;178.6;CAMERI;45.53, 8.669;IT
ITM00016064;2019-07-24;0.0;;;;178.6;CAMERI;45.53, 8.669;IT
ITM00016064;2019-08-07;5.0;;25.4;;178.6;CAMERI;45.53, 8.669;IT
ITM00016064;2019-08-13;0.0;;29.4;;178.6;CAMERI;45.53, 8.669;IT
ITM00016064;2019-08-14;0.0;;;16.8;178.6;CAMERI;45.53, 8.669;IT
ITM00016064;2019-09-05;5.0;;27.0;16.4;178.6;CAMERI;45.53, 8.669;IT
ITM00016064;2019-09-23;3.0;;;;178.6;CAMERI;45.53, 8.669;IT
ITM00016064;2019-09-30;0.0;;27.4;;178.6;CAMERI;45.53, 8.669;IT
ITM00016064;2019-10-23;0.0;;21.4;12.0;178.6;CAMERI;45.53, 8.669;IT
ITM00016064;2019-11-12;51.0;;12.4;6.0;178.6;CAMERI;45.53, 8.669;IT
ITM00016064;2019-12-03;;;;2.6;178.6;CAMERI;45.53, 8.669;IT
ITM00016064;2019-12-16;23.0;;7.4;;178.6;CAMERI;45.53, 8.669;IT
ITM00016064;2019-12-17;160.0;;;6.6;178.6;CAMERI;45.53, 8.669;IT
ITM00016064;2020-02-27;0.0;;11.4;;178.6;CAMERI;45.53, 8.669;IT
ITM00016064;2020-04-10;;;24.6;5.4;178.6;CAMERI;45.53, 8.669;IT
ITM00016064;2020-04-24;0.0;;;7.4;178.6;CAMERI;45.53, 8.669;IT
ITM00016064;2020-05-13;89.0;;14.2;;178.6;CAMERI;45.53, 8.669;IT
ITM00016064;2020-05-21;0.0;;;14.6;178.6;CAMERI;45.53, 8.669;IT
ITM00016064;2020-05-27;0.0;;24.2;13.2;178.6;CAMERI;45.53, 8.669;IT
ITM00016064;2020-06-17;51.0;;22.0;15.8;178.6;CAMERI;45.53, 8.669;IT
ITM00016064;2020-06-26;10.0;;28.0;18.8;178.6;CAMERI;45.53, 8.669;IT
ITM00016064;2020-01-14;0.0;;5.4;-5.0;178.6;CAMERI;45.53, 8.669;IT
ITM00016064;2020-02-11;0.0;;19.6;;178.6;CAMERI;45.53, 8.669;IT
ITM00016064;2020-02-12;0.0;;16.0;-2.4;178.6;CAMERI;45.53, 8.669;IT
ITM00016064;2020-02-13;0.0;;12.2;0.8;178.6;CAMERI;45.53, 8.669;IT
ITM00016064;2020-04-02;0.0;;13.0;;178.6;CAMERI;45.53, 8.669;IT
ITM00016064;2020-04-23;0.0;;;6.6;178.6;CAMERI;45.53, 8.669;IT
ITM00016064;2020-04-29;33.0;;22.2;10.0;178.6;CAMERI;45.53, 8.669;IT
ITM00016064;2020-06-30;0.0;;30.4;;178.6;CAMERI;45.53, 8.669;IT
ITM00016064;2020-07-06;0.0;;31.2;;178.6;CAMERI;45.53, 8.669;IT
ITM00016064;2020-01-24;0.0;;8.2;-3.4;178.6;CAMERI;45.53, 8.669;IT
ITM00016064;2020-04-15;0.0;;17.2;8.8;178.6;CAMERI;45.53, 8.669;IT
ITM00016064;2020-07-21;0.0;;30.6;17.6;178.6;CAMERI;45.53, 8.669;IT
ITM00016064;2020-01-03;0.0;;6.6;-2.6;178.6;CAMERI;45.53, 8.669;IT
ITM00016064;2020-01-09;;;9.6;-5.2;178.6;CAMERI;45.53, 8.669;IT
ITM00016064;2020-01-27;;;11.4;-3.4;178.6;CAMERI;45.53, 8.669;IT
ITM00016064;2020-02-06;0.0;;12.4;-3.4;178.6;CAMERI;45.53, 8.669;IT
ITM00016064;2020-02-24;0.0;;20.4;-0.6;178.6;CAMERI;45.53, 8.669;IT
ITM00016064;2020-02-25;0.0;;;;178.6;CAMERI;45.53, 8.669;IT
ITM00016064;2020-03-09;0.0;;11.4;1.6;178.6;CAMERI;45.53, 8.669;IT
ITM00016064;2020-04-20;191.0;;14.4;;178.6;CAMERI;45.53, 8.669;IT
ITM00016064;2020-05-11;;;16.2;;178.6;CAMERI;45.53, 8.669;IT
ITM00016064;2020-05-15;320.0;;22.0;14.0;178.6;CAMERI;45.53, 8.669;IT
ITM00016064;2020-06-16;5.0;;26.6;15.8;178.6;CAMERI;45.53, 8.669;IT
ITM00016064;2020-06-27;0.0;;29.6;18.4;178.6;CAMERI;45.53, 8.669;IT
ITM00016064;2020-07-01;259.0;;29.4;19.6;178.6;CAMERI;45.53, 8.669;IT
ITM00016064;2020-02-26;0.0;;14.2;1.4;178.6;CAMERI;45.53, 8.669;IT
ITM00016064;2020-04-08;0.0;;;6.8;178.6;CAMERI;45.53, 8.669;IT
ITM00016064;2020-04-21;170.0;;12.2;9.8;178.6;CAMERI;45.53, 8.669;IT
ITM00016064;2020-05-18;0.0;;;14.8;178.6;CAMERI;45.53, 8.669;IT
ITM00016064;2020-05-29;0.0;;21.6;14.0;178.6;CAMERI;45.53, 8.669;IT
ITM00016064;2020-06-01;0.0;;25.4;13.6;178.6;CAMERI;45.53, 8.669;IT
ITM00016064;2020-06-03;23.0;;26.2;12.0;178.6;CAMERI;45.53, 8.669;IT
ITM00016064;2020-06-23;0.0;;;18.6;178.6;CAMERI;45.53, 8.669;IT
ITM00016064;2020-03-16;0.0;;15.2;4.8;178.6;CAMERI;45.53, 8.669;IT
ITM00016064;2020-04-16;0.0;;20.4;2.4;178.6;CAMERI;45.53, 8.669;IT
ITM00016064;2020-05-14;41.0;;;13.6;178.6;CAMERI;45.53, 8.669;IT
ITM00016064;2020-06-25;0.0;;28.4;;178.6;CAMERI;45.53, 8.669;IT
ITM00016064;2020-01-10;0.0;;10.2;0.6;178.6;CAMERI;45.53, 8.669;IT
ITM00016064;2020-02-17;0.0;;10.2;3.6;178.6;CAMERI;45.53, 8.669;IT
ITM00016064;2020-02-22;;;;-0.4;178.6;CAMERI;45.53, 8.669;IT
ITM00016064;2020-02-28;0.0;;;0.4;178.6;CAMERI;45.53, 8.669;IT
ITM00016064;2020-03-04;0.0;;15.2;-0.4;178.6;CAMERI;45.53, 8.669;IT
ITM00016064;2020-03-12;0.0;;;4.8;178.6;CAMERI;45.53, 8.669;IT
ITM00016064;2020-06-04;150.0;;17.4;;178.6;CAMERI;45.53, 8.669;IT
ITM00016064;2020-06-22;0.0;;31.4;16.8;178.6;CAMERI;45.53, 8.669;IT
ITM00016064;2020-07-13;0.0;;26.4;18.6;178.6;CAMERI;45.53, 8.669;IT
ITM00016064;2020-07-20;0.0;;30.2;;178.6;CAMERI;45.53, 8.669;IT
ITM00016064;2020-01-22;0.0;;;-5.4;178.6;CAMERI;45.53, 8.669;IT
ITM00016064;2020-02-18;0.0;;18.6;;178.6;CAMERI;45.53, 8.669;IT
ITM00016064;2020-03-18;0.0;;20.2;;178.6;CAMERI;45.53, 8.669;IT
ITM00016064;2020-03-26;0.0;;7.2;-2.2;178.6;CAMERI;45.53, 8.669;IT
ITM00016064;2020-03-30;33.0;;10.6;;178.6;CAMERI;45.53, 8.669;IT
ITM00016064;2020-04-07;0.0;;22.6;6.2;178.6;CAMERI;45.53, 8.669;IT
ITM00016064;2020-04-17;0.0;;;3.4;178.6;CAMERI;45.53, 8.669;IT
ITM00016064;2020-04-22;0.0;;20.0;8.8;178.6;CAMERI;45.53, 8.669;IT
ITM00016064;2020-05-05;0.0;;23.4;9.0;178.6;CAMERI;45.53, 8.669;IT
ITM00016064;2020-06-09;20.0;;22.2;13.8;178.6;CAMERI;45.53, 8.669;IT
ITM00016064;2020-06-20;0.0;;27.2;13.4;178.6;CAMERI;45.53, 8.669;IT
ITM00016064;2020-01-20;0.0;;;-1.0;178.6;CAMERI;45.53, 8.669;IT
ITM00016064;2020-01-21;0.0;;7.6;-2.6;178.6;CAMERI;45.53, 8.669;IT
ITM00016064;2020-01-23;0.0;;9.2;-3.2;178.6;CAMERI;45.53, 8.669;IT
ITM00016064;2020-01-31;0.0;;14.2;0.0;178.6;CAMERI;45.53, 8.669;IT
ITM00016064;2020-02-10;8.0;;12.2;3.6;178.6;CAMERI;45.53, 8.669;IT
ITM00016064;2020-03-05;41.0;;9.0;;178.6;CAMERI;45.53, 8.669;IT
ITM00016064;2020-03-19;0.0;;;5.8;178.6;CAMERI;45.53, 8.669;IT
ITM00016064;2020-04-09;0.0;;23.0;5.4;178.6;CAMERI;45.53, 8.669;IT
ITM00016064;2020-06-19;20.0;;26.2;12.4;178.6;CAMERI;45.53, 8.669;IT
ITM00016064;2020-06-24;0.0;;30.4;19.0;178.6;CAMERI;45.53, 8.669;IT
ITM00016064;2020-07-16;0.0;;28.4;16.6;178.6;CAMERI;45.53, 8.669;IT
ITM00016064;2020-07-28;;;;20.6;178.6;CAMERI;45.53, 8.669;IT
ITM00016064;2020-01-16;0.0;;9.6;;178.6;CAMERI;45.53, 8.669;IT
ITM00016064;2020-01-17;0.0;;9.8;-3.2;178.6;CAMERI;45.53, 8.669;IT
ITM00016064;2020-02-14;0.0;;16.2;-2.0;178.6;CAMERI;45.53, 8.669;IT
ITM00016064;2020-03-03;41.0;;;;178.6;CAMERI;45.53, 8.669;IT
ITM00016064;2020-04-01;0.0;;10.4;0.0;178.6;CAMERI;45.53, 8.669;IT
ITM00016064;2020-04-28;51.0;;17.6;;178.6;CAMERI;45.53, 8.669;IT
ITM00016064;2020-06-10;0.0;;22.0;10.6;178.6;CAMERI;45.53, 8.669;IT
ITM00016064;2020-06-11;41.0;;20.2;14.0;178.6;CAMERI;45.53, 8.669;IT
ITM00016064;2020-06-29;0.0;;31.0;17.8;178.6;CAMERI;45.53, 8.669;IT
ITM00016064;2020-07-08;;;27.0;17.6;178.6;CAMERI;45.53, 8.669;IT
ITM00016064;2020-07-17;0.0;;28.2;18.4;178.6;CAMERI;45.53, 8.669;IT
ITM00016064;2020-01-30;0.0;;;;178.6;CAMERI;45.53, 8.669;IT
ITM00016064;2020-03-10;0.0;;16.2;0.0;178.6;CAMERI;45.53, 8.669;IT
ITM00016064;2020-03-11;0.0;;19.2;;178.6;CAMERI;45.53, 8.669;IT
ITM00016064;2020-03-20;0.0;;18.6;7.0;178.6;CAMERI;45.53, 8.669;IT
ITM00016064;2020-03-23;0.0;;6.2;;178.6;CAMERI;45.53, 8.669;IT
ITM00016064;2020-05-04;0.0;;23.0;9.4;178.6;CAMERI;45.53, 8.669;IT
ITM00016064;2020-05-25;0.0;;25.2;12.0;178.6;CAMERI;45.53, 8.669;IT
ITM00016064;2020-05-28;0.0;;25.4;12.4;178.6;CAMERI;45.53, 8.669;IT
ITM00016064;2020-06-15;;;28.2;13.6;178.6;CAMERI;45.53, 8.669;IT
ITM00016064;2020-07-03;79.0;;29.2;17.6;178.6;CAMERI;45.53, 8.669;IT
ITM00016064;2020-07-07;0.0;;25.6;21.0;178.6;CAMERI;45.53, 8.669;IT
ITM00016064;2020-07-10;0.0;;30.4;18.8;178.6;CAMERI;45.53, 8.669;IT
ITM00016064;2020-07-29;;;;20.8;178.6;CAMERI;45.53, 8.669;IT
ITM00016064;2020-01-02;0.0;;8.6;-3.2;178.6;CAMERI;45.53, 8.669;IT
ITM00016064;2020-01-28;10.0;;;;178.6;CAMERI;45.53, 8.669;IT
ITM00016064;2020-02-21;0.0;;;;178.6;CAMERI;45.53, 8.669;IT
ITM00016064;2020-03-06;79.0;;10.2;;178.6;CAMERI;45.53, 8.669;IT
ITM00016064;2020-03-24;0.0;;11.4;-2.0;178.6;CAMERI;45.53, 8.669;IT
ITM00016064;2020-04-03;0.0;;16.4;-0.4;178.6;CAMERI;45.53, 8.669;IT
ITM00016064;2020-04-30;99.0;;18.4;10.0;178.6;CAMERI;45.53, 8.669;IT
ITM00016064;2020-05-08;0.0;;25.4;11.6;178.6;CAMERI;45.53, 8.669;IT
ITM00016064;2020-05-26;0.0;;24.2;14.2;178.6;CAMERI;45.53, 8.669;IT
ITM00016064;2020-07-09;0.0;;29.2;16.6;178.6;CAMERI;45.53, 8.669;IT
ITM00016064;2020-07-14;8.0;;26.6;17.0;178.6;CAMERI;45.53, 8.669;IT
ITM00016064;2020-01-29;0.0;;14.2;-1.6;178.6;CAMERI;45.53, 8.669;IT
ITM00016064;2020-02-04;0.0;;15.6;6.0;178.6;CAMERI;45.53, 8.669;IT
ITM00016064;2020-02-19;0.0;;;2.2;178.6;CAMERI;45.53, 8.669;IT
ITM00016064;2020-03-02;419.0;;;-1.0;178.6;CAMERI;45.53, 8.669;IT
ITM00016064;2020-03-17;0.0;;;2.6;178.6;CAMERI;45.53, 8.669;IT
ITM00016064;2020-03-31;5.0;;9.8;4.0;178.6;CAMERI;45.53, 8.669;IT
ITM00016064;2020-05-19;61.0;;23.4;;178.6;CAMERI;45.53, 8.669;IT
ITM00016064;2020-06-05;81.0;;;11.8;178.6;CAMERI;45.53, 8.669;IT
ITM00016064;2020-06-18;41.0;;25.4;12.4;178.6;CAMERI;45.53, 8.669;IT
ITM00016064;2020-01-07;0.0;;1.2;-4.4;178.6;CAMERI;45.53, 8.669;IT
ITM00016064;2020-03-13;;;18.4;;178.6;CAMERI;45.53, 8.669;IT
ITM00016064;2020-04-27;;;;12.8;178.6;CAMERI;45.53, 8.669;IT
ITM00016064;2020-05-06;;;22.6;9.8;178.6;CAMERI;45.53, 8.669;IT
ITM00016064;2020-05-22;0.0;;27.0;15.6;178.6;CAMERI;45.53, 8.669;IT
ITM00016064;2020-06-12;20.0;;23.0;13.2;178.6;CAMERI;45.53, 8.669;IT
ITM00016064;2020-07-15;0.0;;26.6;17.2;178.6;CAMERI;45.53, 8.669;IT
ITM00016064;2020-01-08;0.0;;1.6;-3.2;178.6;CAMERI;45.53, 8.669;IT
ITM00016064;2020-02-03;0.0;;17.6;-1.4;178.6;CAMERI;45.53, 8.669;IT
ITM00016064;2020-02-05;0.0;;14.2;-3.8;178.6;CAMERI;45.53, 8.669;IT
ITM00016064;2020-02-07;0.0;;12.2;;178.6;CAMERI;45.53, 8.669;IT
ITM00016064;2020-02-20;;;13.0;-1.4;178.6;CAMERI;45.53, 8.669;IT
ITM00016064;2020-03-25;0.0;;8.4;-0.6;178.6;CAMERI;45.53, 8.669;IT
ITM00016064;2020-04-14;0.0;;24.2;6.2;178.6;CAMERI;45.53, 8.669;IT
ITM00016064;2020-05-07;0.0;;23.6;10.4;178.6;CAMERI;45.53, 8.669;IT
ITM00016064;2020-05-12;0.0;;22.4;9.8;178.6;CAMERI;45.53, 8.669;IT
ITM00016064;2020-05-20;0.0;;27.4;11.8;178.6;CAMERI;45.53, 8.669;IT
ITM00016064;2020-07-22;5.0;;31.2;19.8;178.6;CAMERI;45.53, 8.669;IT
ITM00016064;2020-01-15;0.0;;6.8;-0.6;178.6;CAMERI;45.53, 8.669;IT
ITM00016064;2020-03-27;0.0;;12.6;4.4;178.6;CAMERI;45.53, 8.669;IT
ITM00016064;2020-04-06;0.0;;20.4;5.6;178.6;CAMERI;45.53, 8.669;IT
ITM00016064;2020-06-08;191.0;;21.6;11.2;178.6;CAMERI;45.53, 8.669;IT
ITM00016064;2020-07-02;20.0;;30.2;19.0;178.6;CAMERI;45.53, 8.669;IT
ITM00016064;2020-07-23;0.0;;30.4;;178.6;CAMERI;45.53, 8.669;IT
ITM00016064;2020-07-27;;;30.2;19.8;178.6;CAMERI;45.53, 8.669;IT
